-- ################################################################################################
--  GRUPO 50
--    93695 Catarina Sofia dos Santos Sousa 33% 5h
--    93743 Nelson Alexandre Geada Trindade 34% 5h
--    93754 Rodrigo Rodrigues Major 33% 5h
-- ################################################################################################

INSERT INTO nome_regiao VALUES
  ('Norte'), ('Centro'), ('Lisboa'), ('Alentejo'), ('Algarve');
  
INSERT INTO tipo_instituicao VALUES
  ('farmacia'), ('laboratorio'), ('clinica'), ('hospital');

INSERT INTO nome_concelho VALUES
  ('ABRANTES'),
  ('AGUEDA'),
  ('AGUIARDABEIRA'),
  ('ALANDROAL'),
  ('ALBERGARIA-A-VELHA'),
  ('ALBUFEIRA'),
  ('ALCACERDOSAL'),
  ('ALCANENA'),
  ('ALCOBAÇA'),
  ('ALCOCHETE'),
  ('ALCOUTIM'),
  ('ALENQUER'),
  ('ALFANDEGADAFE'),
  ('ALIJO'),
  ('ALJEZUR'),
  ('ALJUSTREL'),
  ('ALMADA'),
  ('ALMEIDA'),
  ('ALMEIRIM'),
  ('ALMODOVAR'),
  ('ALPIARÇA'),
  ('ALTERDOCHÃO'),
  ('ALVAIAZERE'),
  ('ALVITO'),
  ('AMADORA'),
  ('AMARANTE'),
  ('AMARES'),
  ('ANADIA'),
  ('ANGRADOHEROISMO'),
  ('ANSIÃO'),
  ('ARCOSDEVALDEVEZ'),
  ('ARGANIL'),
  ('ARMAMAR'),
  ('AROUCA'),
  ('ARRAIOLOS'),
  ('ARRONCHES'),
  ('ARRUDADOSVINHOS'),
  ('AVEIRO'),
  ('AVIS'),
  ('AZAMBUJA'),
  ('BAIÃO'),
  ('BARCELOS'),
  ('BARRANCOS'),
  ('BARREIRO'),
  ('BATALHA'),
  ('BEJA'),
  ('BELMONTE'),
  ('BENAVENTE'),
  ('BOMBARRAL'),
  ('BORBA'),
  ('BOTICAS'),
  ('BRAGA'),
  ('BRAGANÇA'),
  ('CABECEIRASDEBASTO'),
  ('CADAVAL'),
  ('CALDASDARAINHA'),
  ('CALHETA(AÇORES)'),
  ('CALHETA(MADEIRA)'),
  ('CAMARADELOBOS'),
  ('CAMINHA'),
  ('CAMPOMAIOR'),
  ('CANTANHEDE'),
  ('CARRAZEDADEANSIÃES'),
  ('CARREGALDOSAL'),
  ('CARTAXO'),
  ('CASCAIS'),
  ('CASTANHEIRADEPERA'),
  ('CASTELOBRANCO'),
  ('CASTELODEPAIVA'),
  ('CASTELODEVIDE'),
  ('CASTRODAIRE'),
  ('CASTROMARIM'),
  ('CASTROVERDE'),
  ('CELORICODABEIRA'),
  ('CELORICODEBASTO'),
  ('CHAMUSCA'),
  ('CHAVES'),
  ('CINFÃES'),
  ('COIMBRA'),
  ('CONDEIXA-A-NOVA'),
  ('CONSTANCIA'),
  ('CORUCHE'),
  ('CORVO'),
  ('COVILHÃ'),
  ('CRATO'),
  ('CUBA'),
  ('ELVAS'),
  ('ENTRONCAMENTO'),
  ('ESPINHO'),
  ('ESPOSENDE'),
  ('ESTARREJA'),
  ('ESTREMOZ'),
  ('EVORA'),
  ('FAFE'),
  ('FARO'),
  ('FELGUEIRAS'),
  ('FERREIRADOALENTEJO'),
  ('FERREIRADOZEZERE'),
  ('FIGUEIRADAFOZ'),
  ('FIGUEIRADECASTELORODRIGO'),
  ('FIGUEIRODOSVINHOS'),
  ('FORNOSDEALGODRES'),
  ('FREIXODEESPADAACINTA'),
  ('FRONTEIRA'),
  ('FUNCHAL'),
  ('FUNDÃO'),
  ('GAVIÃO'),
  ('GOIS'),
  ('GOLEGÃ'),
  ('GONDOMAR'),
  ('GOUVEIA'),
  ('GRANDOLA'),
  ('GUARDA'),
  ('GUIMARÃES'),
  ('HORTA'),
  ('IDANHA-A-NOVA'),
  ('ILHAVO'),
  ('LAGOA(AÇORES)'),
  ('LAGOA(ALGARVE)'),
  ('LAGOS'),
  ('LAJESDASFLORES'),
  ('LAJESDOPICO'),
  ('LAMEGO'),
  ('LEIRIA'),
  ('LISBOA'),
  ('LOULE'),
  ('LOURES'),
  ('LOURINHÃ'),
  ('LOUSÃ'),
  ('LOUSADA'),
  ('MAÇÃO'),
  ('MACEDODECAVALEIROS'),
  ('MACHICO'),
  ('MADALENA'),
  ('MAFRA'),
  ('MAIA'),
  ('MANGUALDE'),
  ('MANTEIGAS'),
  ('MARCODECANAVESES'),
  ('MARINHAGRANDE'),
  ('MARVÃO'),
  ('MATOSINHOS'),
  ('MEALHADA'),
  ('MEDA'),
  ('MELGAÇO'),
  ('MERTOLA'),
  ('MESÃOFRIO'),
  ('MIRA'),
  ('MIRANDADOCORVO'),
  ('MIRANDADODOURO'),
  ('MIRANDELA'),
  ('MOGADOURO'),
  ('MOIMENTADABEIRA'),
  ('MOITA'),
  ('MONÇÃO'),
  ('MONCHIQUE'),
  ('MONDIMDEBASTO'),
  ('MONFORTE'),
  ('MONTALEGRE'),
  ('MONTEMOR-O-NOVO'),
  ('MONTEMOR-O-VELHO'),
  ('MONTIJO'),
  ('MORA'),
  ('MORTAGUA'),
  ('MOURA'),
  ('MOURÃO'),
  ('MURÇA'),
  ('MURTOSA'),
  ('NAZARE'),
  ('NELAS'),
  ('NISA'),
  ('NORDESTE'),
  ('OBIDOS'),
  ('ODEMIRA'),
  ('ODIVELAS'),
  ('OEIRAS'),
  ('OLEIROS'),
  ('OLHÃO'),
  ('OLIVEIRADEAZEMEIS'),
  ('OLIVEIRADEFRADES'),
  ('OLIVEIRADOBAIRRO'),
  ('OLIVEIRADOHOSPITAL'),
  ('OUREM'),
  ('OURIQUE'),
  ('OVAR'),
  ('PAÇOSDEFERREIRA'),
  ('PALMELA'),
  ('PAMPILHOSADASERRA'),
  ('PAREDES'),
  ('PAREDESDECOURA'),
  ('PEDROGÃOGRANDE'),
  ('PENACOVA'),
  ('PENAFIEL'),
  ('PENALVADOCASTELO'),
  ('PENAMACOR'),
  ('PENEDONO'),
  ('PENELA'),
  ('PENICHE'),
  ('PESODAREGUA'),
  ('PINHEL'),
  ('POMBAL'),
  ('PONTADELGADA'),
  ('PONTADOSOL'),
  ('PONTEDABARCA'),
  ('PONTEDELIMA'),
  ('PONTEDESOR'),
  ('PORTALEGRE'),
  ('PORTEL'),
  ('PORTIMÃO'),
  ('PORTO'),
  ('PORTODEMOS'),
  ('PORTOMONIZ'),
  ('PORTOSANTO'),
  ('POVOADELANHOSO'),
  ('POVOADEVARZIM'),
  ('POVOAÇÃO'),
  ('PROENÇA-A-NOVA'),
  ('REDONDO'),
  ('REGUENGOSDEMONSARAZ'),
  ('RESENDE'),
  ('RIBEIRABRAVA'),
  ('RIBEIRADEPENA'),
  ('RIBEIRAGRANDE'),
  ('RIOMAIOR'),
  ('S.BRASDEALPORTEL'),
  ('S.JOÃODAMADEIRA'),
  ('S.JOÃODAPESQUEIRA'),
  ('S.PEDRODOSUL'),
  ('S.ROQUEDOPICO'),
  ('S.VICENTE'),
  ('SABROSA'),
  ('SABUGAL'),
  ('SALVATERRADEMAGOS'),
  ('SANTACOMBADÃO'),
  ('SANTACRUZ'),
  ('SANTACRUZDAGRACIOSA'),
  ('SANTACRUZDASFLORES'),
  ('SANTAMARIADAFEIRA'),
  ('SANTAMARTADEPENAGUIÃO'),
  ('SANTANA'),
  ('SANTAREM'),
  ('SANTIAGODOCACEM'),
  ('SANTOTIRSO'),
  ('SARDOAL'),
  ('SATÃO'),
  ('SEIA'),
  ('SEIXAL'),
  ('SERNANCELHE'),
  ('SERPA'),
  ('SERTÃ'),
  ('SESIMBRA'),
  ('SETUBAL'),
  ('SEVERDOVOUGA'),
  ('SILVES'),
  ('SINES'),
  ('SINTRA'),
  ('SOBRALDEMONTEAGRAÇO'),
  ('SOURE'),
  ('SOUSEL'),
  ('TABUA'),
  ('TABUAÇO'),
  ('TAROUCA'),
  ('TAVIRA'),
  ('TERRASDEBOURO'),
  ('TOMAR'),
  ('TONDELA'),
  ('TORREDEMONCORVO'),
  ('TORRESNOVAS'),
  ('TORRESVEDRAS'),
  ('TRANCOSO'),
  ('TROFA'),
  ('VAGOS'),
  ('VALEDECAMBRA'),
  ('VALENÇA'),
  ('VALONGO'),
  ('VALPAÇOS'),
  ('VELAS'),
  ('VENDASNOVAS'),
  ('VIANADOALENTEJO'),
  ('VIANADOCASTELO'),
  ('VIDIGUEIRA'),
  ('VIEIRADOMINHO'),
  ('VILADEREI'),
  ('VILADOBISPO'),
  ('VILADOCONDE'),
  ('VILADOPORTO'),
  ('VILAFLOR'),
  ('VILAFRANCADEXIRA'),
  ('VILAFRANCADOCAMPO'),
  ('VILANOVADABARQUINHA'),
  ('VILANOVADECERVEIRA'),
  ('VILANOVADEFAMALICÃO'),
  ('VILANOVADEFOZCOA'),
  ('VILANOVADEGAIA'),
  ('VILANOVADEPAIVA'),
  ('VILANOVADEPOIARES'),
  ('VILAPOUCADEAGUIAR'),
  ('VILAPRAIADAVITORIA'),
  ('VILAREAL'),
  ('VILAREALDESANTOANTONIO'),
  ('VILAVELHADERODÃO'),
  ('VILAVERDE'),
  ('VILAVIÇOSA'),
  ('VIMIOSO'),
  ('VINHAIS'),
  ('VISEU'),
  ('VIZELA'),
  ('VOUZELA');


INSERT INTO regiao(num_regiao, nome, num_habitantes) VALUES
  (1, 'Norte', 3762983811),
  (2, 'Centro', 1640985536),
  (3, 'Lisboa', 228903079),
  (4, 'Alentejo', 451356990),
  (5, 'Algarve', 99171612);
  

INSERT INTO concelho(num_concelho, num_regiao, nome, num_habitantes) VALUES
  (1, 2, 'ABRANTES', 8800525),
  (2, 2, 'AGUEDA', 6429773),
  (3, 1, 'AGUIARDABEIRA', 4092347),
  (4, 4, 'ALANDROAL', 4712987),
  (5, 2, 'ALBERGARIA-A-VELHA', 1583934),
  (6, 5, 'ALBUFEIRA', 272093),
  (7, 3, 'ALCACERDOSAL', 641699),
  (8, 2, 'ALCANENA', 8920386),
  (9, 2, 'ALCOBAÇA', 9860651),
  (10, 3, 'ALCOCHETE', 9757164),
  (11, 5, 'ALCOUTIM', 8300889),
  (12, 3, 'ALENQUER', 3088691),
  (13, 1, 'ALFANDEGADAFE', 4131238),
  (14, 1, 'ALIJO', 4905179),
  (15, 5, 'ALJEZUR', 7265650),
  (16, 4, 'ALJUSTREL', 1683926),
  (17, 3, 'ALMADA', 3100436),
  (18, 1, 'ALMEIDA', 9591956),
  (19, 2, 'ALMEIRIM', 4223993),
  (20, 4, 'ALMODOVAR', 3514858),
  (21, 2, 'ALPIARÇA', 857488),
  (22, 4, 'ALTERDOCHÃO', 768417),
  (23, 2, 'ALVAIAZERE', 871680),
  (24, 4, 'ALVITO', 4322508),
  (25, 3, 'AMADORA', 743769),
  (26, 1, 'AMARANTE', 626663),
  (27, 1, 'AMARES', 1321740),
  (28, 2, 'ANADIA', 964999),
  (30, 2, 'ANSIÃO', 8472823),
  (31, 1, 'ARCOSDEVALDEVEZ', 9404006),
  (32, 2, 'ARGANIL', 1906783),
  (33, 1, 'ARMAMAR', 8303340),
  (34, 2, 'AROUCA', 726578),
  (35, 4, 'ARRAIOLOS', 6898928),
  (36, 4, 'ARRONCHES', 3518431),
  (37, 3, 'ARRUDADOSVINHOS', 2817383),
  (38, 2, 'AVEIRO', 582911),
  (39, 4, 'AVIS', 9582401),
  (40, 3, 'AZAMBUJA', 5880392),
  (41, 1, 'BAIÃO', 6735235),
  (42, 1, 'BARCELOS', 9074231),
  (43, 4, 'BARRANCOS', 2899979),
  (44, 3, 'BARREIRO', 4979091),
  (45, 2, 'BATALHA', 6749846),
  (46, 4, 'BEJA', 6460741),
  (47, 2, 'BELMONTE', 3751254),
  (48, 2, 'BENAVENTE', 5259602),
  (49, 2, 'BOMBARRAL', 1797311),
  (50, 4, 'BORBA', 1492253),
  (51, 1, 'BOTICAS', 5633661),
  (52, 1, 'BRAGA', 1943551),
  (53, 1, 'BRAGANÇA', 1393402),
  (54, 1, 'CABECEIRASDEBASTO', 4377082),
  (55, 3, 'CADAVAL', 306674),
  (56, 2, 'CALDASDARAINHA', 4401093),
  (60, 1, 'CAMINHA', 9461285),
  (61, 4, 'CAMPOMAIOR', 7865492),
  (62, 2, 'CANTANHEDE', 3121100),
  (63, 1, 'CARRAZEDADEANSIÃES', 5700883),
  (64, 1, 'CARREGALDOSAL', 4976992),
  (65, 2, 'CARTAXO', 4347944),
  (66, 3, 'CASCAIS', 4020794),
  (67, 2, 'CASTANHEIRADEPERA', 17628),
  (68, 2, 'CASTELOBRANCO', 9463645),
  (69, 2, 'CASTELODEPAIVA', 7352564),
  (70, 4, 'CASTELODEVIDE', 8735124),
  (71, 1, 'CASTRODAIRE', 9930060),
  (72, 5, 'CASTROMARIM', 8782363),
  (73, 4, 'CASTROVERDE', 5492347),
  (74, 1, 'CELORICODABEIRA', 3534639),
  (75, 1, 'CELORICODEBASTO', 9695559),
  (76, 2, 'CHAMUSCA', 3055318),
  (77, 1, 'CHAVES', 67017),
  (78, 1, 'CINFÃES', 825060),
  (79, 2, 'COIMBRA', 7680838),
  (80, 2, 'CONDEIXA-A-NOVA', 7235903),
  (81, 2, 'CONSTANCIA', 6555732),
  (82, 2, 'CORUCHE', 7963414),
  (84, 2, 'COVILHÃ', 1085610),
  (85, 4, 'CRATO', 8125630),
  (86, 4, 'CUBA', 7437937),
  (87, 4, 'ELVAS', 2355949),
  (88, 2, 'ENTRONCAMENTO', 2039465),
  (89, 2, 'ESPINHO', 6921854),
  (90, 1, 'ESPOSENDE', 2399261),
  (91, 2, 'ESTARREJA', 2890853),
  (92, 4, 'ESTREMOZ', 1739865),
  (93, 4, 'EVORA', 7554278),
  (94, 1, 'FAFE', 9650178),
  (95, 5, 'FARO', 8969282),
  (96, 1, 'FELGUEIRAS', 600175),
  (97, 4, 'FERREIRADOALENTEJO', 9201982),
  (98, 2, 'FERREIRADOZEZERE', 4380473),
  (99, 2, 'FIGUEIRADAFOZ', 7007273),
  (100, 1, 'FIGUEIRADECASTELORODRIGO', 4265695),
  (101, 2, 'FIGUEIRODOSVINHOS', 9064838),
  (102, 1, 'FORNOSDEALGODRES', 5368540),
  (103, 1, 'FREIXODEESPADAACINTA', 8516404),
  (104, 4, 'FRONTEIRA', 8803242),
  (106, 2, 'FUNDÃO', 2658120),
  (107, 4, 'GAVIÃO', 1150514),
  (108, 2, 'GOIS', 9305386),
  (109, 2, 'GOLEGÃ', 6359152),
  (110, 1, 'GONDOMAR', 9085821),
  (111, 1, 'GOUVEIA', 882989),
  (112, 3, 'GRANDOLA', 9299850),
  (113, 1, 'GUARDA', 5316712),
  (114, 1, 'GUIMARÃES', 5358564),
  (116, 2, 'IDANHA-A-NOVA', 3051824),
  (117, 2, 'ILHAVO', 6824193),
  (119, 5, 'LAGOA(ALGARVE)', 6183537),
  (120, 5, 'LAGOS', 9466119),
  (123, 1, 'LAMEGO', 3887046),
  (124, 2, 'LEIRIA', 8334532),
  (125, 3, 'LISBOA', 1914753),
  (126, 5, 'LOULE', 2957037),
  (127, 3, 'LOURES', 9302862),
  (128, 3, 'LOURINHÃ', 446560),
  (129, 2, 'LOUSÃ', 8109527),
  (130, 1, 'LOUSADA', 9663566),
  (131, 2, 'MAÇÃO', 3095591),
  (132, 1, 'MACEDODECAVALEIROS', 4368559),
  (135, 3, 'MAFRA', 2762375),
  (136, 1, 'MAIA', 7315042),
  (137, 1, 'MANGUALDE', 4203037),
  (138, 1, 'MANTEIGAS', 4697433),
  (139, 1, 'MARCODECANAVESES', 7215402),
  (140, 2, 'MARINHAGRANDE', 5776972),
  (141, 4, 'MARVÃO', 3132379),
  (142, 1, 'MATOSINHOS', 3115131),
  (143, 2, 'MEALHADA', 4957579),
  (144, 1, 'MEDA', 6686147),
  (145, 1, 'MELGAÇO', 6745112),
  (146, 4, 'MERTOLA', 9227637),
  (147, 1, 'MESÃOFRIO', 2261181),
  (148, 2, 'MIRA', 6831590),
  (149, 2, 'MIRANDADOCORVO', 2372332),
  (150, 1, 'MIRANDADODOURO', 7510944),
  (151, 1, 'MIRANDELA', 6794988),
  (152, 1, 'MOGADOURO', 1645263),
  (153, 1, 'MOIMENTADABEIRA', 3559085),
  (154, 3, 'MOITA', 7523298),
  (155, 1, 'MONÇÃO', 7653992),
  (156, 5, 'MONCHIQUE', 447791),
  (157, 1, 'MONDIMDEBASTO', 9063520),
  (158, 4, 'MONFORTE', 9412805),
  (159, 1, 'MONTALEGRE', 5648220),
  (160, 4, 'MONTEMOR-O-NOVO', 5681340),
  (161, 2, 'MONTEMOR-O-VELHO', 6525355),
  (162, 3, 'MONTIJO', 2071529),
  (163, 4, 'MORA', 3765862),
  (164, 1, 'MORTAGUA', 805694),
  (165, 4, 'MOURA', 2215501),
  (166, 4, 'MOURÃO', 8786882),
  (167, 1, 'MURÇA', 7587174),
  (168, 2, 'MURTOSA', 1561439),
  (169, 2, 'NAZARE', 1546693),
  (170, 1, 'NELAS', 9277566),
  (171, 4, 'NISA', 9388125),
  (173, 2, 'OBIDOS', 8844501),
  (174, 4, 'ODEMIRA', 6232804),
  (175, 3, 'ODIVELAS', 1581835),
  (176, 3, 'OEIRAS', 1703129),
  (177, 2, 'OLEIROS', 4678888),
  (178, 5, 'OLHÃO', 5435985),
  (179, 2, 'OLIVEIRADEAZEMEIS', 7281790),
  (180, 1, 'OLIVEIRADEFRADES', 4992537),
  (181, 2, 'OLIVEIRADOBAIRRO', 5818993),
  (182, 2, 'OLIVEIRADOHOSPITAL', 6691398),
  (183, 2, 'OUREM', 4882383),
  (184, 4, 'OURIQUE', 421520),
  (185, 2, 'OVAR', 9704824),
  (186, 1, 'PAÇOSDEFERREIRA', 5254836),
  (187, 3, 'PALMELA', 1147776),
  (188, 2, 'PAMPILHOSADASERRA', 6615867),
  (189, 1, 'PAREDES', 79416),
  (190, 1, 'PAREDESDECOURA', 4803490),
  (191, 2, 'PEDROGÃOGRANDE', 8807915),
  (192, 2, 'PENACOVA', 8983548),
  (193, 1, 'PENAFIEL', 4248668),
  (194, 1, 'PENALVADOCASTELO', 9140825),
  (195, 2, 'PENAMACOR', 7196343),
  (196, 1, 'PENEDONO', 6853404),
  (197, 2, 'PENELA', 8637901),
  (198, 2, 'PENICHE', 4173652),
  (199, 1, 'PESODAREGUA', 3127494),
  (200, 1, 'PINHEL', 6737737),
  (201, 2, 'POMBAL', 1133871),
  (204, 1, 'PONTEDABARCA', 7759220),
  (205, 1, 'PONTEDELIMA', 7422573),
  (206, 4, 'PONTEDESOR', 8506017),
  (207, 4, 'PORTALEGRE', 500548),
  (208, 4, 'PORTEL', 2086867),
  (209, 5, 'PORTIMÃO', 7498626),
  (210, 1, 'PORTO', 861750),
  (211, 2, 'PORTODEMOS', 2524059),
  (214, 1, 'POVOADELANHOSO', 902375),
  (215, 1, 'POVOADEVARZIM', 905734),
  (217, 2, 'PROENÇA-A-NOVA', 5108678),
  (218, 4, 'REDONDO', 9982171),
  (219, 4, 'REGUENGOSDEMONSARAZ', 8809718),
  (220, 1, 'RESENDE', 712400),
  (222, 1, 'RIBEIRADEPENA', 9534109),
  (224, 2, 'RIOMAIOR', 9587784),
  (225, 5, 'S.BRASDEALPORTEL', 7960452),
  (226, 2, 'S.JOÃODAMADEIRA', 4363158),
  (227, 1, 'S.JOÃODAPESQUEIRA', 300315),
  (228, 1, 'S.PEDRODOSUL', 8611216),
  (231, 1, 'SABROSA', 2969203),
  (232, 1, 'SABUGAL', 7854457),
  (233, 2, 'SALVATERRADEMAGOS', 5558647),
  (234, 1, 'SANTACOMBADÃO', 9684205),
  (238, 2, 'SANTAMARIADAFEIRA', 2934660),
  (239, 1, 'SANTAMARTADEPENAGUIÃO', 9704912),
  (241, 2, 'SANTAREM', 1001935),
  (242, 3, 'SANTIAGODOCACEM', 7539813),
  (243, 1, 'SANTOTIRSO', 4832571),
  (244, 2, 'SARDOAL', 3911578),
  (245, 1, 'SATÃO', 8468209),
  (246, 1, 'SEIA', 884398),
  (247, 3, 'SEIXAL', 7735519),
  (248, 1, 'SERNANCELHE', 9167635),
  (249, 4, 'SERPA', 8280271),
  (250, 2, 'SERTÃ', 5622641),
  (251, 3, 'SESIMBRA', 3472233),
  (252, 3, 'SETUBAL', 7072015),
  (253, 2, 'SEVERDOVOUGA', 6682019),
  (254, 5, 'SILVES', 5736019),
  (255, 3, 'SINES', 9031136),
  (256, 3, 'SINTRA', 2277670),
  (257, 3, 'SOBRALDEMONTEAGRAÇO', 9258546),
  (258, 2, 'SOURE', 3167201),
  (259, 4, 'SOUSEL', 4638759),
  (260, 2, 'TABUA', 896170),
  (261, 1, 'TABUAÇO', 4687758),
  (262, 1, 'TAROUCA', 788738),
  (263, 5, 'TAVIRA', 8380428),
  (264, 1, 'TERRASDEBOURO', 7054873),
  (265, 2, 'TOMAR', 8129017),
  (266, 1, 'TONDELA', 9418922),
  (267, 1, 'TORREDEMONCORVO', 8845206),
  (268, 2, 'TORRESNOVAS', 9417482),
  (269, 3, 'TORRESVEDRAS', 1760152),
  (270, 1, 'TRANCOSO', 3676010),
  (271, 1, 'TROFA', 6538934),
  (272, 2, 'VAGOS', 3764409),
  (273, 2, 'VALEDECAMBRA', 6625687),
  (274, 1, 'VALENÇA', 5481286),
  (275, 1, 'VALONGO', 2700671),
  (276, 1, 'VALPAÇOS', 3187838),
  (278, 4, 'VENDASNOVAS', 3612093),
  (279, 4, 'VIANADOALENTEJO', 732660),
  (280, 1, 'VIANADOCASTELO', 4083431),
  (281, 4, 'VIDIGUEIRA', 2077753),
  (282, 1, 'VIEIRADOMINHO', 1986963),
  (283, 2, 'VILADEREI', 9472627),
  (284, 5, 'VILADOBISPO', 5413486),
  (285, 1, 'VILADOCONDE', 5368920),
  (287, 1, 'VILAFLOR', 2982889),
  (288, 3, 'VILAFRANCADEXIRA', 5157604),
  (290, 2, 'VILANOVADABARQUINHA', 110239),
  (291, 1, 'VILANOVADECERVEIRA', 9789732),
  (292, 1, 'VILANOVADEFAMALICÃO', 1021815),
  (293, 1, 'VILANOVADEFOZCOA', 4737479),
  (294, 1, 'VILANOVADEGAIA', 145732),
  (295, 1, 'VILANOVADEPAIVA', 6962246),
  (296, 2, 'VILANOVADEPOIARES', 516765),
  (297, 1, 'VILAPOUCADEAGUIAR', 1868566),
  (299, 1, 'VILAREAL', 4172942),
  (300, 5, 'VILAREALDESANTOANTONIO', 6373948),
  (301, 2, 'VILAVELHADERODÃO', 9552154),
  (302, 1, 'VILAVERDE', 3698408),
  (303, 4, 'VILAVIÇOSA', 8581981),
  (304, 1, 'VIMIOSO', 622498),
  (305, 1, 'VINHAIS', 8480000),
  (306, 1, 'VISEU', 3063594),
  (307, 1, 'VIZELA', 9291187),
  (308, 1, 'VOUZELA', 1605698);

INSERT INTO instituicao (nome, tipo, num_regiao, num_concelho) VALUES
  ('Instituicao 1','farmacia',2,34),
  ('Instituicao 2','farmacia',2,34),
  ('Instituicao 3','hospital',1,111),
  ('Instituicao 4','clinica',1,157),
  ('Instituicao 5','clinica',4,86),
  ('Instituicao 6','laboratorio',4,70),
  ('Instituicao 7','farmacia',1,31),
  ('Instituicao 8','farmacia',1,210),
  ('Instituicao 9','laboratorio',2,116),
  ('Instituicao 10','clinica',3,162),
  ('Instituicao 11','clinica',4,16),
  ('Instituicao 12','laboratorio',5,15),
  ('Instituicao 13','farmacia',2,181),
  ('Instituicao 14','hospital',2,179),
  ('Instituicao 15','clinica',3,37),
  ('Instituicao 16','laboratorio',3,288),
  ('Instituicao 17','hospital',1,150),
  ('Instituicao 18','hospital',4,85),
  ('Instituicao 19','laboratorio',1,110),
  ('Instituicao 20','farmacia',4,43);

INSERT INTO medico (num_cedula, nome, especialidade) VALUES
  (1,'Medico 1','ginecologista'),
  (2,'Medico 2','oftalmologista'),
  (3,'Medico 3','cirurgiao'),
  (4,'Medico 4','cardiologista'),
  (5,'Medico 5','pediatra'),
  (6,'Medico 6','oftalmologista'),
  (7,'Medico 7','ginecologista'),
  (8,'Medico 8','oftalmologista'),
  (9,'Medico 9','neurologista'),
  (10,'Medico 10','neurologista'),
  (11,'Medico 11','cirurgiao'),
  (12,'Medico 12','ginecologista'),
  (13,'Medico 13','oftalmologista'),
  (14,'Medico 14','cardiologista'),
  (15,'Medico 15','oftalmologista');


INSERT INTO consulta (num_cedula, num_doente, data, nome_instituicao) VALUES
  (4,65,'2019-3-26','Instituicao 9'),
  (9,97,'2019-8-19','Instituicao 14'),
  (13,72,'2020-6-12','Instituicao 17'),
  (10,30,'2019-1-25','Instituicao 18'),
  (4,46,'2019-1-3','Instituicao 11'),
  (3,75,'2020-12-30','Instituicao 6'),
  (1,98,'2020-1-3','Instituicao 12'),
  (7,11,'2020-11-24','Instituicao 17'),
  (11,61,'2020-11-13','Instituicao 10'),
  (1,32,'2020-7-31','Instituicao 3'),
  (3,21,'2019-5-15','Instituicao 9'),
  (8,66,'2019-5-24','Instituicao 12'),
  (1,92,'2020-8-31','Instituicao 11'),
  (11,86,'2019-9-10','Instituicao 16'),
  (4,24,'2019-5-20','Instituicao 14'),
  (2,17,'2020-7-6','Instituicao 5'),
  (6,8,'2020-4-7','Instituicao 9'),
  (14,78,'2020-8-28','Instituicao 5'),
  (2,11,'2019-9-3','Instituicao 10'),
  (1,40,'2020-6-12','Instituicao 19'),
  (4,49,'2020-5-12','Instituicao 4'),
  (8,85,'2020-6-5','Instituicao 5'),
  (12,53,'2019-8-7','Instituicao 19'),
  (7,40,'2019-7-4','Instituicao 5'),
  (14,78,'2020-4-29','Instituicao 9'),
  (11,52,'2019-6-14','Instituicao 10'),
  (13,36,'2019-6-27','Instituicao 5'),
  (13,16,'2019-11-1','Instituicao 4'),
  (11,92,'2020-9-18','Instituicao 15'),
  (14,83,'2020-5-1','Instituicao 12'),
  (3,19,'2020-5-12','Instituicao 12'),
  (4,51,'2019-4-25','Instituicao 6'),
  (3,92,'2020-9-16','Instituicao 5'),
  (8,80,'2020-9-28','Instituicao 16'),
  (11,38,'2020-2-17','Instituicao 6'),
  (8,79,'2019-8-12','Instituicao 15'),
  (8,99,'2019-7-5','Instituicao 16'),
  (13,69,'2019-7-26','Instituicao 12'),
  (13,59,'2020-6-11','Instituicao 10'),
  (8,17,'2020-10-26','Instituicao 6'),
  (5,15,'2020-4-24','Instituicao 3'),
  (13,97,'2020-9-11','Instituicao 18'),
  (2,39,'2020-3-16','Instituicao 16'),
  (5,57,'2019-5-24','Instituicao 3'),
  (15,96,'2020-8-25','Instituicao 6'),
  (9,20,'2019-3-18','Instituicao 15'),
  (9,57,'2019-4-5','Instituicao 6');

INSERT INTO prescricao (num_cedula, num_doente, data, substancia, quant) VALUES
  (4,65,'2019-3-26', 'aspirina', 331),
  (9,97,'2019-8-19', 'ibuprofeno', 412),
  (13,72,'2020-6-12', 'ibuprofeno', 356),
  (10,30,'2019-1-25', 'paracetamol', 387),
  (4,46,'2019-1-3', 'paracetamol', 331),
  (3,75,'2020-12-30', 'cogumelos do tempo', 842),
  (1,98,'2020-1-3', 'calcitrin', 503),
  (7,11,'2020-11-24', 'cortisona', 911),
  (11,61,'2020-11-13', 'cogumelos do tempo', 126),
  (1,32,'2020-7-31', 'aspirina', 262),
  (3,21,'2019-5-15', 'paracetamol', 666),
  (8,66,'2019-5-24', 'cortisona', 360),
  (1,92,'2020-8-31', 'ibuprofeno', 940),
  (11,86,'2019-9-10', 'aspirina', 379),
  (4,24,'2019-5-20', 'ibuprofeno', 800),
  (2,17,'2020-7-6', 'cogumelos do tempo', 227),
  (6,8,'2020-4-7', 'cortisona', 460),
  (14,78,'2020-8-28', 'cortisona', 654),
  (2,11,'2019-9-3', 'cogumelos do tempo', 920),
  (1,40,'2020-6-12', 'aspirina', 175),
  (4,49,'2020-5-12', 'strepfen', 797),
  (8,85,'2020-6-5', 'paracetamol', 342),
  (12,53,'2019-8-7', 'cortisona', 498),
  (7,40,'2019-7-4', 'strepfen', 724),
  (14,78,'2020-4-29', 'cortisona', 225),
  (11,52,'2019-6-14', 'ibuprofeno', 823),
  (13,36,'2019-6-27', 'aspirina', 304),
  (13,16,'2019-11-1', 'cortisona', 60),
  (11,92,'2020-9-18', 'calcitrin', 640),
  (14,83,'2020-5-1', 'strepfen', 547),
  (3,19,'2020-5-12', 'aspirina', 706),
  (4,51,'2019-4-25', 'calcitrin', 408),
  (3,92,'2020-9-16', 'aspirina', 287),
  (8,80,'2020-9-28', 'strepfen', 125),
  (11,38,'2020-2-17', 'strepfen', 513),
  (8,79,'2019-8-12', 'paracetamol', 767),
  (8,99,'2019-7-5', 'cortisona', 416),
  (13,69,'2019-7-26', 'paracetamol', 425),
  (13,59,'2020-6-11', 'strepfen', 323),
  (8,17,'2020-10-26', 'ibuprofeno', 876),
  (5,15,'2020-4-24', 'cannabis', 650);

INSERT INTO analise (num_analise, especialidade, num_cedula, num_doente, data, data_registo, nome, quant, inst) VALUES
  (0,'cardiologista',4,65,'2019-3-26','2019-3-26','Analise 0',0,'Instituicao 10'),
  (1,'neurologista',9,97,'2019-8-19','2019-8-19','Analise 1',1,'Instituicao 11'),
  (2,'oftalmologista',13,72,'2020-6-12','2020-6-12','Analise 2',2,'Instituicao 11'),
  (3,'neurologista',10,30,'2019-1-25','2019-1-25','Analise 3',3,'Instituicao 17'),
  (4,'cardiologista',4,46,'2019-1-3','2019-1-3','Analise 4',4,'Instituicao 6'),
  (5,'cirurgiao',3,75,'2020-12-30','2020-12-30','Analise 5',5,'Instituicao 10'),
  (6,'ginecologista',1,98,'2020-1-3','2020-1-3','Analise 6',6,'Instituicao 11'),
  (7,'ginecologista',7,11,'2020-11-24','2020-11-24','Analise 7',7,'Instituicao 3'),
  (8,'cirurgiao',11,61,'2020-11-13','2020-11-13','Analise 8',8,'Instituicao 4'),
  (9,'ginecologista',1,32,'2020-7-31','2020-7-31','Analise 9',9,'Instituicao 10'),
  (10,'cirurgiao',3,21,'2019-5-15','2019-5-15','Analise 10',10,'Instituicao 12'),
  (11,'oftalmologista',8,66,'2019-5-24','2019-5-24','Analise 11',11,'Instituicao 10'),
  (12,'ginecologista',1,92,'2020-8-31','2020-8-31','Analise 12',12,'Instituicao 5'),
  (13,'cirurgiao',11,86,'2019-9-10','2019-9-10','Analise 13',13,'Instituicao 17'),
  (14,'cardiologista',4,24,'2019-5-20','2019-5-20','Analise 14',14,'Instituicao 9'),
  (15,'oftalmologista',2,17,'2020-7-6','2020-7-6','Analise 15',15,'Instituicao 18'),
  (16,'oftalmologista',6,8,'2020-4-7','2020-4-7','Analise 16',16,'Instituicao 9'),
  (17,'cardiologista',14,78,'2020-8-28','2020-8-28','Analise 17',17,'Instituicao 3'),
  (18,'oftalmologista',2,11,'2019-9-3','2019-9-3','Analise 18',18,'Instituicao 10'),
  (19,'ginecologista',1,40,'2020-6-12','2020-6-12','Analise 19',19,'Instituicao 12'),
  (20,'cardiologista',4,49,'2020-5-12','2020-5-12','Analise 20',20,'Instituicao 17'),
  (21,'oftalmologista',8,85,'2020-6-5','2020-6-5','Analise 21',21,'Instituicao 3'),
  (22,'ginecologista',12,53,'2019-8-7','2019-8-7','Analise 22',22,'Instituicao 9'),
  (23,'ginecologista',7,40,'2019-7-4','2019-7-4','Analise 23',23,'Instituicao 14'),
  (24,'cardiologista',14,78,'2020-4-29','2020-4-29','Analise 24',24,'Instituicao 12'),
  (25,'cirurgiao',11,52,'2019-6-14','2019-6-14','Analise 25',25,'Instituicao 16'),
  (26,'oftalmologista',13,36,'2019-6-27','2019-6-27','Analise 26',26,'Instituicao 16'),
  (27,'oftalmologista',13,16,'2019-11-1','2019-11-1','Analise 27',27,'Instituicao 6'),
  (28,'cirurgiao',11,92,'2020-9-18','2020-9-18','Analise 28',28,'Instituicao 5'),
  (29,'cardiologista',14,83,'2020-5-1','2020-5-1','Analise 29',29,'Instituicao 15'),
  (30,'cirurgiao',3,19,'2020-5-12','2020-5-12','Analise 30',30,'Instituicao 5'),
  (31,'cardiologista',4,51,'2019-4-25','2019-4-25','Analise 31',31,'Instituicao 16'),
  (32,'cirurgiao',3,92,'2020-9-16','2020-9-16','Analise 32',32,'Instituicao 12'),
  (33,'oftalmologista',8,80,'2020-9-28','2020-9-28','Analise 33',33,'Instituicao 16'),
  (34,'cirurgiao',11,38,'2020-2-17','2020-2-17','Analise 34',34,'Instituicao 19'),
  (35,'oftalmologista',8,79,'2019-8-12','2019-8-12','Analise 35',35,'Instituicao 15'),
  (36,'oftalmologista',8,99,'2019-7-5','2019-7-5','Analise 36',36,'Instituicao 19'),
  (37,'oftalmologista',13,69,'2019-7-26','2019-7-26','Analise 37',37,'Instituicao 19'),
  (38,'oftalmologista',13,59,'2020-6-11','2020-6-11','Analise 38',38,'Instituicao 18'),
  (39,'oftalmologista',8,17,'2020-10-26','2020-10-26','Analise 39',39,'Instituicao 14'),
  (40,'pediatra',5,15,'2020-4-24','2020-4-24','Analise 40',40,'Instituicao 12'),
  (41,'oftalmologista',13,97,'2020-9-11','2020-9-11','Analise 41',41,'Instituicao 3'),
  (42,'oftalmologista',2,39,'2020-3-16','2020-3-16','Analise 42',42,'Instituicao 12'),
  (43,'pediatra',5,57,'2019-5-24','2019-5-24','Analise 43',43,'Instituicao 9'),
  (44,'oftalmologista',15,96,'2020-8-25','2020-8-25','Analise 44',44,'Instituicao 18'),
  (45,'neurologista',9,20,'2019-3-18','2019-3-18','Analise 45',45,'Instituicao 12'),
  (46,'neurologista',9,57,'2019-4-5','2019-4-5','Analise 46',46,'Instituicao 4');

INSERT INTO venda_farmacia (num_venda, data_registo, substancia, quant, preco, inst) VALUES
  (1,'2020-11-16','aspirina',331,0.52,'Instituicao 2'),
  (2,'2020-11-16','ibuprofeno',412,3.61,'Instituicao 2'),
  (3,'2020-11-16','ibuprofeno',356,11.56,'Instituicao 2'),
  (4,'2020-11-16','cogumelos do tempo',168,10.38,'Instituicao 2'),
  (5,'2020-11-16','paracetamol',387,10.96,'Instituicao 2'),
  (6,'2020-11-16','strepfen',427,8.24,'Instituicao 8'),
  (7,'2020-11-16','strepfen',941,4.41,'Instituicao 1'),
  (8,'2020-11-16','ibuprofeno',454,8.43,'Instituicao 1'),
  (9,'2020-11-16','paracetamol',331,7.53,'Instituicao 1'),
  (10,'2020-11-16','cogumelos do tempo',842,16.69,'Instituicao 1'),
  (11,'2020-11-16','cogumelos do tempo',68,0.17,'Instituicao 1'),
  (12,'2020-11-16','calcitrin',503,19.40,'Instituicao 1'),
  (13,'2020-11-16','aspirina',253,10.66,'Instituicao 7'),
  (14,'2020-11-16','cortisona',911,4.30,'Instituicao 7'),
  (15,'2020-11-16','cogumelos do tempo',126,17.41,'Instituicao 7'),
  (16,'2020-11-16','aspirina',262,9.39,'Instituicao 2'),
  (17,'2020-11-16','aspirina',395,7.62,'Instituicao 20'),
  (18,'2020-11-16','paracetamol',666,6.09,'Instituicao 20'),
  (19,'2020-11-16','cannabis',597,7.75,'Instituicao 20'),
  (20,'2020-11-16','cortisona',768,19.05,'Instituicao 8'),
  (21,'2020-11-16','ibuprofeno',945,2.29,'Instituicao 8'),
  (22,'2020-11-16','ibuprofeno',903,14.01,'Instituicao 7'),
  (23,'2020-11-16','cortisona',360,2.42,'Instituicao 7'),
  (24,'2020-11-16','ibuprofeno',940,1.15,'Instituicao 7'),
  (25,'2020-11-16','aspirina',561,10.22,'Instituicao 2'),
  (26,'2020-11-16','aspirina',379,13.23,'Instituicao 1'),
  (27,'2020-11-16','ibuprofeno',800,14.06,'Instituicao 1'),
  (28,'2020-11-16','paracetamol',558,14.91,'Instituicao 7'),
  (29,'2020-11-16','cogumelos do tempo',227,7.27,'Instituicao 7'),
  (30,'2020-11-16','cortisona',452,8.49,'Instituicao 1'),
  (31,'2020-11-16','ibuprofeno',499,0.15,'Instituicao 2'),
  (32,'2020-11-16','cortisona',460,16.20,'Instituicao 2'),
  (33,'2020-11-16','cortisona',654,19.08,'Instituicao 2'),
  (34,'2020-11-16','cogumelos do tempo',920,2.11,'Instituicao 2'),
  (35,'2020-11-16','calcitrin',729,17.00,'Instituicao 7'),
  (36,'2020-11-16','paracetamol',621,11.36,'Instituicao 1'),
  (37,'2020-11-16','cortisona',444,6.99,'Instituicao 7'),
  (38,'2020-11-16','aspirina',175,4.30,'Instituicao 1'),
  (39,'2020-11-16','strepfen',797,10.58,'Instituicao 1'),
  (40,'2020-11-16','paracetamol',342,1.24,'Instituicao 1'),
  (41,'2020-11-16','calcitrin',979,13.41,'Instituicao 1'),
  (42,'2020-11-16','cortisona',498,15.57,'Instituicao 1'),
  (43,'2020-11-16','strepfen',724,4.78,'Instituicao 1'),
  (44,'2020-11-16','strepfen',655,16.45,'Instituicao 20'),
  (45,'2020-11-16','calcitrin',860,5.67,'Instituicao 7'),
  (46,'2020-11-16','cortisona',225,17.76,'Instituicao 7'),
  (47,'2020-11-16','ibuprofeno',823,12.69,'Instituicao 7'),
  (48,'2020-11-16','aspirina',651,1.50,'Instituicao 2'),
  (49,'2020-11-16','strepfen',13,1.42,'Instituicao 8'),
  (50,'2020-11-16','cannabis',780,0.98,'Instituicao 2'),
  (51,'2020-11-16','aspirina',304,4.84,'Instituicao 1'),
  (52,'2020-11-16','cortisona',60,11.38,'Instituicao 1'),
  (53,'2020-11-16','calcitrin',640,7.77,'Instituicao 1'),
  (54,'2020-11-16','cortisona',263,9.99,'Instituicao 7'),
  (55,'2020-11-16','strepfen',547,8.58,'Instituicao 7'),
  (56,'2020-11-16','aspirina',858,0.54,'Instituicao 2'),
  (57,'2020-11-16','cogumelos do tempo',795,12.70,'Instituicao 13'),
  (58,'2020-11-16','strepfen',296,13.61,'Instituicao 8'),
  (59,'2020-11-16','aspirina',706,14.96,'Instituicao 1'),
  (60,'2020-11-16','cannabis',566,17.90,'Instituicao 13'),
  (61,'2020-11-16','calcitrin',887,15.86,'Instituicao 2'),
  (62,'2020-11-16','calcitrin',408,13.11,'Instituicao 2'),
  (63,'2020-11-16','strepfen',700,9.56,'Instituicao 20'),
  (64,'2020-11-16','aspirina',287,6.03,'Instituicao 2'),
  (65,'2020-11-16','strepfen',125,12.33,'Instituicao 2'),
  (66,'2020-11-16','strepfen',513,2.18,'Instituicao 2'),
  (67,'2020-11-16','paracetamol',217,14.25,'Instituicao 20'),
  (68,'2020-11-16','paracetamol',767,13.71,'Instituicao 20'),
  (69,'2020-11-16','cortisona',416,8.03,'Instituicao 20'),
  (70,'2020-11-16','aspirina',777,5.50,'Instituicao 7'),
  (71,'2020-11-16','aspirina',708,17.44,'Instituicao 2'),
  (72,'2020-11-16','paracetamol',425,8.81,'Instituicao 2'),
  (73,'2020-11-16','strepfen',323,15.97,'Instituicao 2'),
  (74,'2020-11-16','ibuprofeno',876,16.18,'Instituicao 2'),
  (75,'2020-11-16','cannabis',650,16.79,'Instituicao 2'),
  (76,'2020-11-16','aspirina',43,19.39,'Instituicao 2'),
  (77,'2020-11-16','aspirina',221,4.58,'Instituicao 2'),
  (78,'2020-11-16','strepfen',940,3.74,'Instituicao 20'),
  (79,'2020-11-16','calcitrin',371,4.94,'Instituicao 7'),
  (80,'2020-11-16','ibuprofeno',37,15.68,'Instituicao 8'),
  (81,'2020-11-16','aspirina',516,3.77,'Instituicao 2'),
  (82,'2020-11-16','paracetamol',786,8.67,'Instituicao 20'),
  (83,'2020-11-16','cortisona',260,8.42,'Instituicao 13'),
  (84,'2020-11-16','calcitrin',918,2.03,'Instituicao 2'),
  (85,'2020-11-16','aspirina',912,8.59,'Instituicao 13'),
  (86,'2020-11-16','strepfen',97,0.09,'Instituicao 2'),
  (87,'2020-11-16','calcitrin',508,11.18,'Instituicao 7'),
  (88,'2020-11-16','paracetamol',568,12.29,'Instituicao 1'),
  (89,'2020-11-16','paracetamol',435,3.71,'Instituicao 13'),
  (90,'2020-11-16','cortisona',382,6.38,'Instituicao 13'),
  (91,'2020-11-16','strepfen',154,4.87,'Instituicao 7'),
  (92,'2020-11-16','paracetamol',844,1.99,'Instituicao 13'),
  (93,'2020-11-16','strepfen',387,12.73,'Instituicao 20'),
  (94,'2020-11-16','strepfen',116,1.73,'Instituicao 2'),
  (95,'2020-11-16','aspirina',177,11.76,'Instituicao 2'),
  (96,'2020-11-16','cortisona',776,4.44,'Instituicao 20'),
  (97,'2020-11-16','strepfen',754,5.22,'Instituicao 13'),
  (98,'2020-11-16','paracetamol',677,5.84,'Instituicao 2'),
  (99,'2020-11-16','cogumelos do tempo',563,16.56,'Instituicao 13'),
  (100,'2020-11-16','paracetamol',308,8.72,'Instituicao 2'),
  (101,'2020-11-16','strepfen',851,5.38,'Instituicao 8'),
  (102,'2020-11-16','calcitrin',646,5.99,'Instituicao 20'),
  (103,'2020-11-16','cannabis',597,17.96,'Instituicao 1'),
  (104,'2020-11-16','cogumelos do tempo',817,16.02,'Instituicao 2'),
  (105,'2020-11-16','calcitrin',706,6.73,'Instituicao 1'),
  (106,'2020-11-16','ibuprofeno',656,9.01,'Instituicao 8'),
  (107,'2020-11-16','cogumelos do tempo',748,12.95,'Instituicao 20'),
  (108,'2020-11-16','cogumelos do tempo',280,18.56,'Instituicao 20'),
  (109,'2020-11-16','cannabis',416,19.93,'Instituicao 1'),
  (110,'2020-11-16','cortisona',38,19.27,'Instituicao 7'),
  (111,'2020-11-16','ibuprofeno',301,11.72,'Instituicao 13'),
  (112,'2020-11-16','cannabis',96,16.36,'Instituicao 20'),
  (113,'2020-11-16','aspirina',797,6.07,'Instituicao 20'),
  (114,'2020-11-16','strepfen',737,1.92,'Instituicao 13'),
  (115,'2020-11-16','aspirina',639,12.55,'Instituicao 7'),
  (116,'2020-11-16','calcitrin',70,15.82,'Instituicao 2'),
  (117,'2020-11-16','cannabis',84,3.97,'Instituicao 8'),
  (118,'2020-11-16','strepfen',184,13.95,'Instituicao 13'),
  (119,'2020-11-16','cannabis',435,4.58,'Instituicao 8'),
  (120,'2020-11-16','calcitrin',988,15.55,'Instituicao 1'),
  (121,'2020-11-16','strepfen',266,15.22,'Instituicao 1'),
  (122,'2020-11-16','ibuprofeno',133,17.48,'Instituicao 1'),
  (123,'2020-11-16','aspirina',791,14.67,'Instituicao 2'),
  (124,'2020-11-16','cogumelos do tempo',93,8.47,'Instituicao 2'),
  (125,'2020-11-16','paracetamol',523,16.26,'Instituicao 20'),
  (126,'2020-11-16','cortisona',593,4.21,'Instituicao 7'),
  (127,'2020-11-16','calcitrin',553,10.46,'Instituicao 13'),
  (128,'2020-11-16','cortisona',243,13.74,'Instituicao 7'),
  (129,'2020-11-16','ibuprofeno',630,9.64,'Instituicao 13'),
  (130,'2020-11-16','calcitrin',920,7.20,'Instituicao 2'),
  (131,'2020-11-16','aspirina',430,1.04,'Instituicao 1'),
  (132,'2020-11-16','strepfen',58,11.23,'Instituicao 8'),
  (133,'2020-11-16','cogumelos do tempo',602,6.63,'Instituicao 7'),
  (134,'2020-11-16','cogumelos do tempo',596,10.56,'Instituicao 2'),
  (135,'2020-11-16','cannabis',161,2.60,'Instituicao 20'),
  (136,'2020-11-16','strepfen',728,13.10,'Instituicao 13'),
  (137,'2020-11-16','calcitrin',108,7.63,'Instituicao 2'),
  (138,'2020-11-16','aspirina',64,2.98,'Instituicao 8'),
  (139,'2020-11-16','ibuprofeno',863,6.35,'Instituicao 13'),
  (140,'2020-11-16','cortisona',223,6.38,'Instituicao 8'),
  (141,'2020-11-16','cortisona',755,10.57,'Instituicao 13'),
  (142,'2020-11-16','cannabis',627,16.35,'Instituicao 1'),
  (143,'2020-11-16','cogumelos do tempo',918,15.26,'Instituicao 20'),
  (144,'2020-11-16','cogumelos do tempo',71,19.74,'Instituicao 1'),
  (145,'2020-11-16','calcitrin',190,14.41,'Instituicao 7'),
  (146,'2020-11-16','strepfen',651,19.25,'Instituicao 13'),
  (147,'2020-11-16','calcitrin',153,19.10,'Instituicao 7'),
  (148,'2020-11-16','calcitrin',793,4.57,'Instituicao 20'),
  (149,'2020-11-16','cannabis',155,11.18,'Instituicao 8'),
  (150,'2020-11-16','strepfen',780,11.74,'Instituicao 1'),
  (151,'2020-11-16','cannabis',198,0.67,'Instituicao 7'),
  (152,'2020-11-16','cogumelos do tempo',430,6.08,'Instituicao 2'),
  (153,'2020-11-16','cogumelos do tempo',857,14.11,'Instituicao 1'),
  (154,'2020-11-16','aspirina',151,17.67,'Instituicao 7'),
  (155,'2020-11-16','cogumelos do tempo',300,12.04,'Instituicao 1'),
  (156,'2020-11-16','aspirina',401,10.10,'Instituicao 7'),
  (157,'2020-11-16','ibuprofeno',182,9.02,'Instituicao 13'),
  (158,'2020-11-16','cannabis',53,5.07,'Instituicao 1'),
  (159,'2020-11-16','calcitrin',89,18.06,'Instituicao 1'),
  (160,'2020-11-16','aspirina',385,17.23,'Instituicao 2'),
  (161,'2020-11-16','paracetamol',936,7.39,'Instituicao 2'),
  (162,'2020-11-16','cannabis',552,7.52,'Instituicao 8'),
  (163,'2020-11-16','cannabis',20,2.60,'Instituicao 2'),
  (164,'2020-11-16','aspirina',253,3.19,'Instituicao 8'),
  (165,'2020-11-16','cannabis',158,3.92,'Instituicao 2'),
  (166,'2020-11-16','calcitrin',709,6.96,'Instituicao 13'),
  (167,'2020-11-16','ibuprofeno',14,17.98,'Instituicao 7'),
  (168,'2020-11-16','strepfen',818,12.70,'Instituicao 2'),
  (169,'2020-11-16','strepfen',70,1.87,'Instituicao 7'),
  (170,'2020-11-16','ibuprofeno',958,4.85,'Instituicao 2'),
  (171,'2020-11-16','ibuprofeno',247,15.56,'Instituicao 20'),
  (172,'2020-11-16','cortisona',66,18.06,'Instituicao 2'),
  (173,'2020-11-16','cogumelos do tempo',986,18.31,'Instituicao 2'),
  (174,'2020-11-16','cortisona',574,18.49,'Instituicao 13'),
  (175,'2020-11-16','cortisona',476,12.41,'Instituicao 2'),
  (176,'2020-11-16','cannabis',496,9.82,'Instituicao 1'),
  (177,'2020-11-16','ibuprofeno',384,16.45,'Instituicao 7'),
  (178,'2020-11-16','aspirina',90,13.02,'Instituicao 1'),
  (179,'2020-11-16','calcitrin',491,12.62,'Instituicao 8'),
  (180,'2020-11-16','ibuprofeno',757,3.53,'Instituicao 2'),
  (181,'2020-11-16','paracetamol',746,13.73,'Instituicao 7'),
  (182,'2020-11-16','cortisona',865,14.12,'Instituicao 20'),
  (183,'2020-11-16','calcitrin',229,10.13,'Instituicao 2'),
  (184,'2020-11-16','calcitrin',119,2.53,'Instituicao 2'),
  (185,'2020-11-16','paracetamol',14,14.03,'Instituicao 1'),
  (186,'2020-11-16','cannabis',807,19.77,'Instituicao 13'),
  (187,'2020-11-16','calcitrin',443,13.50,'Instituicao 13'),
  (188,'2020-11-16','cortisona',729,4.99,'Instituicao 1'),
  (189,'2020-11-16','strepfen',855,16.23,'Instituicao 13'),
  (190,'2020-11-16','cannabis',301,16.31,'Instituicao 1'),
  (191,'2020-11-16','ibuprofeno',803,7.85,'Instituicao 2'),
  (192,'2020-11-16','calcitrin',516,7.36,'Instituicao 7'),
  (193,'2020-11-16','aspirina',216,2.55,'Instituicao 13'),
  (194,'2020-11-16','ibuprofeno',323,5.13,'Instituicao 1'),
  (195,'2020-11-16','aspirina',361,5.34,'Instituicao 20'),
  (196,'2020-11-16','strepfen',654,4.11,'Instituicao 8'),
  (197,'2020-11-16','cogumelos do tempo',474,9.77,'Instituicao 7'),
  (198,'2020-11-16','strepfen',118,9.62,'Instituicao 2'),
  (199,'2020-11-16','aspirina',11,1.16,'Instituicao 13'),
  (200,'2020-11-16','ibuprofeno',331,4.48,'Instituicao 2'),
  (201,'2020-11-16','cogumelos do tempo',70,2.64,'Instituicao 20'),
  (202,'2020-11-16','strepfen',196,16.64,'Instituicao 2'),
  (203,'2020-11-16','ibuprofeno',775,8.84,'Instituicao 13'),
  (204,'2020-11-16','strepfen',794,1.49,'Instituicao 7'),
  (205,'2020-11-16','calcitrin',154,14.82,'Instituicao 8'),
  (206,'2020-11-16','ibuprofeno',710,10.41,'Instituicao 1'),
  (207,'2020-11-16','cortisona',556,14.81,'Instituicao 8'),
  (208,'2020-11-16','cannabis',559,17.11,'Instituicao 7'),
  (209,'2020-11-16','strepfen',81,0.88,'Instituicao 7'),
  (210,'2020-11-16','calcitrin',166,10.65,'Instituicao 20'),
  (211,'2020-11-16','calcitrin',743,17.15,'Instituicao 20'),
  (212,'2020-11-16','cortisona',324,2.48,'Instituicao 7'),
  (213,'2020-11-16','cannabis',50,2.69,'Instituicao 7'),
  (214,'2020-11-16','ibuprofeno',968,1.45,'Instituicao 13'),
  (215,'2020-11-16','aspirina',458,1.51,'Instituicao 2'),
  (216,'2020-11-16','paracetamol',561,17.17,'Instituicao 20'),
  (217,'2020-11-16','paracetamol',746,7.17,'Instituicao 2'),
  (218,'2020-11-16','aspirina',856,14.74,'Instituicao 8'),
  (219,'2020-11-16','paracetamol',208,5.83,'Instituicao 13'),
  (220,'2020-11-16','strepfen',341,17.26,'Instituicao 7'),
  (221,'2020-11-16','calcitrin',965,1.70,'Instituicao 1'),
  (222,'2020-11-16','cortisona',984,5.03,'Instituicao 7'),
  (223,'2020-11-16','ibuprofeno',712,0.41,'Instituicao 8'),
  (224,'2020-11-16','aspirina',251,2.49,'Instituicao 20'),
  (225,'2020-11-16','cortisona',5,18.06,'Instituicao 13'),
  (226,'2020-11-16','cortisona',581,14.59,'Instituicao 13'),
  (227,'2020-11-16','paracetamol',640,14.63,'Instituicao 20'),
  (228,'2020-11-16','aspirina',98,7.36,'Instituicao 13'),
  (229,'2020-11-16','calcitrin',510,18.50,'Instituicao 7'),
  (230,'2020-11-16','aspirina',630,5.80,'Instituicao 20'),
  (231,'2020-11-16','paracetamol',411,18.86,'Instituicao 8'),
  (232,'2020-11-16','aspirina',538,19.71,'Instituicao 8'),
  (233,'2020-11-16','ibuprofeno',987,2.48,'Instituicao 13'),
  (234,'2020-11-16','paracetamol',695,8.72,'Instituicao 8'),
  (235,'2020-11-16','cogumelos do tempo',809,9.57,'Instituicao 13'),
  (236,'2020-11-16','cogumelos do tempo',322,19.56,'Instituicao 1'),
  (237,'2020-11-16','cortisona',954,0.00,'Instituicao 7'),
  (238,'2020-11-16','ibuprofeno',342,19.48,'Instituicao 7'),
  (239,'2020-11-16','cannabis',380,10.82,'Instituicao 8'),
  (240,'2020-11-16','aspirina',907,6.46,'Instituicao 7'),
  (241,'2020-11-16','strepfen',700,2.34,'Instituicao 7'),
  (242,'2020-11-16','ibuprofeno',289,12.48,'Instituicao 20'),
  (243,'2020-11-16','aspirina',690,15.94,'Instituicao 13'),
  (244,'2020-11-16','ibuprofeno',667,10.40,'Instituicao 2'),
  (245,'2020-11-16','aspirina',258,8.81,'Instituicao 2'),
  (246,'2020-11-16','paracetamol',960,1.99,'Instituicao 8'),
  (247,'2020-11-16','ibuprofeno',222,8.19,'Instituicao 8'),
  (248,'2020-11-16','aspirina',324,10.06,'Instituicao 7'),
  (249,'2020-11-16','ibuprofeno',928,12.50,'Instituicao 2'),
  (250,'2020-11-16','cogumelos do tempo',731,10.44,'Instituicao 7'),
  (251,'2020-11-16','aspirina',710,6.10,'Instituicao 13'),
  (252,'2020-11-16','cogumelos do tempo',713,14.54,'Instituicao 8'),
  (253,'2020-11-16','cannabis',481,5.63,'Instituicao 13'),
  (254,'2020-11-16','calcitrin',266,5.92,'Instituicao 7'),
  (255,'2020-11-16','cortisona',598,3.39,'Instituicao 13'),
  (256,'2020-11-16','paracetamol',665,18.35,'Instituicao 13'),
  (257,'2020-11-16','calcitrin',431,1.66,'Instituicao 7'),
  (258,'2020-11-16','strepfen',607,3.67,'Instituicao 13'),
  (259,'2020-11-16','cogumelos do tempo',351,12.18,'Instituicao 7'),
  (260,'2020-11-16','ibuprofeno',722,0.39,'Instituicao 8'),
  (261,'2020-11-16','cogumelos do tempo',65,15.57,'Instituicao 8'),
  (262,'2020-11-16','strepfen',409,13.02,'Instituicao 20'),
  (263,'2020-11-16','cannabis',114,16.63,'Instituicao 2'),
  (264,'2020-11-16','paracetamol',486,10.76,'Instituicao 7'),
  (265,'2020-11-16','cogumelos do tempo',80,9.35,'Instituicao 1'),
  (266,'2020-11-16','cannabis',984,5.00,'Instituicao 2'),
  (267,'2020-11-16','paracetamol',10,7.19,'Instituicao 7'),
  (268,'2020-11-16','aspirina',725,6.26,'Instituicao 13'),
  (269,'2020-11-16','paracetamol',334,10.88,'Instituicao 1'),
  (270,'2020-11-16','ibuprofeno',346,5.53,'Instituicao 1'),
  (271,'2020-11-16','strepfen',915,6.05,'Instituicao 1'),
  (272,'2020-11-16','cortisona',176,1.54,'Instituicao 20'),
  (273,'2020-11-16','cannabis',246,7.32,'Instituicao 7'),
  (274,'2020-11-16','cortisona',982,6.56,'Instituicao 8'),
  (275,'2020-11-16','paracetamol',116,16.49,'Instituicao 1'),
  (276,'2020-11-16','aspirina',51,16.47,'Instituicao 7'),
  (277,'2020-11-16','strepfen',607,17.92,'Instituicao 7'),
  (278,'2020-11-16','aspirina',778,0.92,'Instituicao 2'),
  (279,'2020-11-16','aspirina',554,19.07,'Instituicao 1'),
  (280,'2020-11-16','aspirina',875,9.45,'Instituicao 13'),
  (281,'2020-11-16','cortisona',672,10.46,'Instituicao 20'),
  (282,'2020-11-16','paracetamol',660,15.50,'Instituicao 13'),
  (283,'2020-11-16','paracetamol',8,9.96,'Instituicao 7'),
  (284,'2020-11-16','strepfen',475,12.74,'Instituicao 13'),
  (285,'2020-11-16','paracetamol',361,12.38,'Instituicao 20'),
  (286,'2020-11-16','calcitrin',503,14.19,'Instituicao 1'),
  (287,'2020-11-16','paracetamol',708,15.30,'Instituicao 2'),
  (288,'2020-11-16','cannabis',751,18.52,'Instituicao 13'),
  (289,'2020-11-16','cannabis',585,3.48,'Instituicao 13'),
  (290,'2020-11-16','cortisona',182,19.89,'Instituicao 8'),
  (291,'2020-11-16','cortisona',624,13.20,'Instituicao 8'),
  (292,'2020-11-16','ibuprofeno',864,4.73,'Instituicao 8'),
  (293,'2020-11-16','strepfen',217,15.51,'Instituicao 2'),
  (294,'2020-11-16','cogumelos do tempo',599,1.56,'Instituicao 13'),
  (295,'2020-11-16','cogumelos do tempo',508,9.48,'Instituicao 7'),
  (296,'2020-11-16','strepfen',179,0.17,'Instituicao 7'),
  (297,'2020-11-16','calcitrin',692,2.21,'Instituicao 13'),
  (298,'2020-11-16','cogumelos do tempo',560,3.39,'Instituicao 8'),
  (299,'2020-11-16','ibuprofeno',968,13.88,'Instituicao 1'),
  (300,'2020-11-16','cogumelos do tempo',249,9.79,'Instituicao 13');

INSERT INTO prescricao_venda (num_cedula, num_doente, data, substancia, num_venda) VALUES
  (4,65,'2019-3-26','aspirina',1),
  (9,97,'2019-8-19','ibuprofeno',2),
  (13,72,'2020-6-12','ibuprofeno',3),
  (10,30,'2019-1-25','paracetamol',5),
  (4,46,'2019-1-3','paracetamol',9),
  (3,75,'2020-12-30','cogumelos do tempo',10),
  (1,98,'2020-1-3','calcitrin',12),
  (7,11,'2020-11-24','cortisona',14),
  (11,61,'2020-11-13','cogumelos do tempo',15),
  (1,32,'2020-7-31','aspirina',16),
  (3,21,'2019-5-15','paracetamol',18),
  (8,66,'2019-5-24','cortisona',23),
  (1,92,'2020-8-31','ibuprofeno',24),
  (11,86,'2019-9-10','aspirina',26),
  (4,24,'2019-5-20','ibuprofeno',27),
  (2,17,'2020-7-6','cogumelos do tempo',29),
  (6,8,'2020-4-7','cortisona',32),
  (14,78,'2020-8-28','cortisona',33),
  (2,11,'2019-9-3','cogumelos do tempo',34),
  (1,40,'2020-6-12','aspirina',38),
  (4,49,'2020-5-12','strepfen',39),
  (8,85,'2020-6-5','paracetamol',40),
  (12,53,'2019-8-7','cortisona',42),
  (7,40,'2019-7-4','strepfen',43),
  (14,78,'2020-4-29','cortisona',46),
  (11,52,'2019-6-14','ibuprofeno',47),
  (13,36,'2019-6-27','aspirina',51),
  (13,16,'2019-11-1','cortisona',52),
  (11,92,'2020-9-18','calcitrin',53),
  (14,83,'2020-5-1','strepfen',55),
  (3,19,'2020-5-12','aspirina',59),
  (4,51,'2019-4-25','calcitrin',62),
  (3,92,'2020-9-16','aspirina',64),
  (8,80,'2020-9-28','strepfen',65),
  (11,38,'2020-2-17','strepfen',66),
  (8,79,'2019-8-12','paracetamol',68),
  (8,99,'2019-7-5','cortisona',69),
  (13,69,'2019-7-26','paracetamol',72),
  (13,59,'2020-6-11','strepfen',73),
  (8,17,'2020-10-26','ibuprofeno',74);
