INSERT INTO instituicao (nome, tipo, num_regiao, num_concelho) VALUES
('1','hospital',2,156),
('2','farmacia',2,184),
('3','clinica',2,253),
('4','hospital',2,86),
('5','hospital',3,238),
('6','clinica',4,192),
('7','laboratorio',5,159),
('8','hospital',5,194),
('9','clinica',5,179),
('10','clinica',5,153),
();
INSERT INTO medico (num_cedula, nome, especialidade) VALUES
(1,'nome 1','otorrino'),
(2,'nome 2','pediatra'),
(3,'nome 3','pediatra'),
(4,'nome 4','otorrino'),
(5,'nome 5','pediatra'),
(6,'nome 6','otorrino'),
(7,'nome 7','pediatra'),
(8,'nome 8','pediatra'),
(9,'nome 9','otorrino'),
(10,'nome 10','cirurgiao'),
(11,'nome 11','otorrino'),
(12,'nome 12','pediatra'),
(13,'nome 13','pediatra'),
(14,'nome 14','cirurgiao'),
(15,'nome 15','pediatra'),
(16,'nome 16','otorrino'),
(17,'nome 17','pediatra'),
(18,'nome 18','pediatra'),
(19,'nome 19','otorrino'),
(20,'nome 20','cirurgiao'),
(21,'nome 21','pediatra'),
(22,'nome 22','cirurgiao'),
(23,'nome 23','cirurgiao'),
(24,'nome 24','otorrino'),
(25,'nome 25','otorrino'),
(26,'nome 26','cirurgiao'),
(27,'nome 27','cirurgiao'),
(28,'nome 28','pediatra'),
(29,'nome 29','otorrino'),
(30,'nome 30','cirurgiao'),
();
INSERT INTO consulta (num_cedula, num_doente, data, nome_instituicao) VALUES
(29,33,'2019-3-1','3'),
(1,9,'2018-1-16','4'),
(13,30,'2019-12-30','4'),
(30,17,'2018-6-15','7'),
(16,7,'2016-8-22','7'),
(27,45,'2018-11-21','10'),
(30,5,'2016-3-18','9'),
(7,38,'2020-10-12','8'),
(27,9,'2015-4-16','8'),
(14,5,'2018-8-20','10'),
(6,38,'2019-11-7','7'),
(20,23,'2019-10-14','10'),
(11,42,'2018-4-4','5'),
(21,18,'2015-9-15','1'),
(10,4,'2016-8-30','7'),
(22,17,'2015-7-30','3'),
(15,48,'2016-2-15','4'),
(27,6,'2019-6-12','8'),
(16,6,'2016-7-13','6'),
(12,41,'2015-12-25','1'),
(27,25,'2020-6-24','5'),
(27,21,'2018-9-10','9'),
(4,47,'2019-12-19','9'),
(30,19,'2018-10-22','4'),
(4,45,'2020-9-23','3'),
(28,15,'2019-4-26','4'),
(5,50,'2019-7-4','1'),
(27,22,'2018-1-4','5'),
(19,7,'2020-7-27','1'),
(13,1,'2020-9-25','7'),
(26,41,'2015-2-20','10'),
(26,10,'2020-9-14','8'),
(2,48,'2017-11-16','5'),
(17,36,'2017-10-24','8'),
(16,19,'2016-3-15','9'),
(21,7,'2018-6-18','7'),
(27,21,'2015-7-7','9'),
(8,6,'2016-1-7','7'),
(3,20,'2020-5-12','4'),
(6,37,'2017-6-13','10'),
(7,50,'2020-12-4','3'),
(9,34,'2015-6-1','9'),
(30,12,'2015-9-9','1'),
(24,34,'2016-10-12','3'),
(4,2,'2017-6-2','10'),
(1,39,'2015-3-25','1'),
(28,9,'2019-12-16','4'),
(30,36,'2020-1-14','5'),
(5,11,'2015-6-10','4'),
(6,13,'2019-9-30','8'),
(13,10,'2016-1-5','1'),
(4,44,'2017-9-25','8'),
(12,47,'2019-9-4','1'),
(17,14,'2016-12-14','6'),
(5,12,'2019-4-24','7'),
(4,44,'2020-3-17','3'),
(14,31,'2019-12-18','4'),
(1,44,'2017-6-20','10'),
(4,41,'2019-11-25','6'),
(15,4,'2018-6-21','3'),
(4,39,'2018-11-7','1'),
(10,1,'2016-4-13','10'),
(10,23,'2015-2-5','10'),
();
INSERT INTO prescricao (num_cedula, num_doente, data, substancia, quant) VALUES
(29,33,'2019-3-1', 'calcitrin', 431),
(1,9,'2018-1-16', 'calcitrin', 381),
(13,30,'2019-12-30', 'viagra', 707),
(30,17,'2018-6-15', 'cannabis', 702),
(16,7,'2016-8-22', 'ibuprofeno', 199),
(27,45,'2018-11-21', 'maxilase', 29),
(30,5,'2016-3-18', 'maxilase', 260),
(7,38,'2020-10-12', 'maxilase', 705),
(27,9,'2015-4-16', 'viagra', 515),
(14,5,'2018-8-20', 'aspirina', 991),
(6,38,'2019-11-7', 'stepfen', 704),
(20,23,'2019-10-14', 'maxilase', 138),
(11,42,'2018-4-4', 'calcitrin', 150),
(21,18,'2015-9-15', 'cannabis', 94),
(10,4,'2016-8-30', 'paracetamol', 773),
(22,17,'2015-7-30', 'viagra', 134),
(15,48,'2016-2-15', 'cogumelos do tempo', 55),
(27,6,'2019-6-12', 'calcitrin', 509),
(16,6,'2016-7-13', 'maxilase', 545),
(12,41,'2015-12-25', 'maxilase', 662),
(27,25,'2020-6-24', 'aspirina', 636),
(27,21,'2018-9-10', 'paracetamol', 657),
(4,47,'2019-12-19', 'paracetamol', 553),
(30,19,'2018-10-22', 'viagra', 53),
(4,45,'2020-9-23', 'aspirina', 244),
(28,15,'2019-4-26', 'stepfen', 502),
(5,50,'2019-7-4', 'cogumelos do tempo', 423),
(27,22,'2018-1-4', 'cannabis', 828),
(19,7,'2020-7-27', 'viagra', 565),
(13,1,'2020-9-25', 'cogumelos do tempo', 624),
(26,41,'2015-2-20', 'viagra', 72),
(26,10,'2020-9-14', 'aspirina', 933),
(2,48,'2017-11-16', 'cannabis', 672),
(17,36,'2017-10-24', 'cogumelos do tempo', 837),
(16,19,'2016-3-15', 'viagra', 599),
(21,7,'2018-6-18', 'cogumelos do tempo', 583),
(27,21,'2015-7-7', 'cannabis', 443),
(8,6,'2016-1-7', 'cannabis', 57),
(3,20,'2020-5-12', 'paracetamol', 414),
(6,37,'2017-6-13', 'paracetamol', 768),
();
INSERT INTO analise (num_analise, especialidade, num_cedula, num_doente, data, data_registo, nome, quant, inst) VALUES
(0,'cirurgiao',27,21,'2015-7-7','2015-7-7','nome 0','qtd 0','1'),
(1,'cirurgiao',30,5,'2016-3-18','2016-3-18','nome 1','qtd 1','9'),
(2,'otorrino',24,34,'2016-10-12','2016-10-12','nome 2','qtd 2','5'),
(3,'pediatra',28,9,'2019-12-16','2019-12-16','nome 3','qtd 3','4'),
(4,'cirurgiao',14,31,'2019-12-18','2019-12-18','nome 4','qtd 4','5'),
(5,'otorrino',6,37,'2017-6-13','2017-6-13','nome 5','qtd 5','1'),
(6,'cirurgiao',10,23,'2015-2-5','2015-2-5','nome 6','qtd 6','10'),
(7,'cirurgiao',27,25,'2020-6-24','2020-6-24','nome 7','qtd 7','6'),
(8,'otorrino',4,44,'2017-9-25','2017-9-25','nome 8','qtd 8','7'),
(9,'pediatra',13,30,'2019-12-30','2019-12-30','nome 9','qtd 9','4'),
(10,'otorrino',4,44,'2020-3-17','2020-3-17','nome 10','qtd 10','1'),
(11,'otorrino',1,44,'2017-6-20','2017-6-20','nome 11','qtd 11','8'),
(12,'otorrino',6,37,'2017-6-13','2017-6-13','nome 12','qtd 12','10'),
(13,'otorrino',6,37,'2017-6-13','2017-6-13','nome 13','qtd 13','3'),
(14,'cirurgiao',30,36,'2020-1-14','2020-1-14','nome 14','qtd 14','5'),
(15,'otorrino',24,34,'2016-10-12','2016-10-12','nome 15','qtd 15','4'),
(16,'otorrino',29,33,'2019-3-1','2019-3-1','nome 16','qtd 16','9'),
(17,'cirurgiao',30,5,'2016-3-18','2016-3-18','nome 17','qtd 17','9'),
(18,'cirurgiao',22,17,'2015-7-30','2015-7-30','nome 18','qtd 18','3'),
(19,'otorrino',4,47,'2019-12-19','2019-12-19','nome 19','qtd 19','1'),
(20,'pediatra',21,18,'2015-9-15','2015-9-15','nome 20','qtd 20','10'),
(21,'pediatra',7,38,'2020-10-12','2020-10-12','nome 21','qtd 21','7'),
(22,'cirurgiao',20,23,'2019-10-14','2019-10-14','nome 22','qtd 22','7'),
(23,'pediatra',12,41,'2015-12-25','2015-12-25','nome 23','qtd 23','3'),
(24,'otorrino',6,38,'2019-11-7','2019-11-7','nome 24','qtd 24','10'),
(25,'cirurgiao',30,17,'2018-6-15','2018-6-15','nome 25','qtd 25','3'),
(26,'otorrino',1,39,'2015-3-25','2015-3-25','nome 26','qtd 26','4'),
(27,'otorrino',4,44,'2020-3-17','2020-3-17','nome 27','qtd 27','3'),
(28,'pediatra',5,11,'2015-6-10','2015-6-10','nome 28','qtd 28','4'),
(29,'otorrino',4,39,'2018-11-7','2018-11-7','nome 29','qtd 29','1'),
(30,'otorrino',6,37,'2017-6-13','2017-6-13','nome 30','qtd 30','8'),
(31,'otorrino',11,42,'2018-4-4','2018-4-4','nome 31','qtd 31','5'),
(32,'cirurgiao',30,12,'2015-9-9','2015-9-9','nome 32','qtd 32','3'),
(33,'cirurgiao',22,17,'2015-7-30','2015-7-30','nome 33','qtd 33','9'),
(34,'otorrino',6,38,'2019-11-7','2019-11-7','nome 34','qtd 34','1'),
(35,'otorrino',19,7,'2020-7-27','2020-7-27','nome 35','qtd 35','1'),
(36,'cirurgiao',26,10,'2020-9-14','2020-9-14','nome 36','qtd 36','10'),
(37,'otorrino',16,7,'2016-8-22','2016-8-22','nome 37','qtd 37','4'),
(38,'pediatra',15,4,'2018-6-21','2018-6-21','nome 38','qtd 38','9'),
(39,'otorrino',6,13,'2019-9-30','2019-9-30','nome 39','qtd 39','5'),
();
INSERT INTO venda_farmacia (num_venda, data_registo, substancia, quant, preco, inst) VALUES
(1,'2020-11-15','cannabis',57,3.29,2),
(2,'2020-11-15','viagra',599,9.48,2),
(3,'2020-11-15','maxilase',545,9.31,2),
(4,'2020-11-15','aspirina',933,8.62,2),
(5,'2020-11-15','maxilase',705,6.09,2),
(6,'2020-11-15','paracetamol',657,7.45,2),
(7,'2020-11-15','aspirina',244,2.89,2),
(8,'2020-11-15','cannabis',443,6.85,2),
(9,'2020-11-15','cogumelos do tempo',837,1.53,2),
(10,'2020-11-15','paracetamol',773,9.12,2),
(11,'2020-11-15','cannabis',94,8.70,2),
(12,'2020-11-15','maxilase',29,4.23,2),
(13,'2020-11-15','paracetamol',414,3.07,2),
(14,'2020-11-15','paracetamol',768,5.94,2),
(15,'2020-11-15','maxilase',662,5.66,2),
(16,'2020-11-15','viagra',53,8.38,2),
(17,'2020-11-15','viagra',565,7.07,2),
(18,'2020-11-15','cannabis',702,7.31,2),
(19,'2020-11-15','cannabis',828,7.87,2),
(20,'2020-11-15','paracetamol',553,6.29,2),
(21,'2020-11-15','stepfen',704,3.42,2),
(22,'2020-11-15','viagra',72,0.84,2),
(23,'2020-11-15','calcitrin',150,8.86,2),
(24,'2020-11-15','cogumelos do tempo',583,0.78,2),
(25,'2020-11-15','aspirina',991,4.13,2),
(26,'2020-11-15','calcitrin',509,2.14,2),
(27,'2020-11-15','calcitrin',381,5.71,2),
(28,'2020-11-15','maxilase',138,5.48,2),
(29,'2020-11-15','cannabis',672,7.70,2),
(30,'2020-11-15','aspirina',636,9.52,2),
(31,'2020-11-15','viagra',134,8.68,2),
(32,'2020-11-15','ibuprofeno',199,8.19,2),
(33,'2020-11-15','viagra',707,9.47,2),
(34,'2020-11-15','stepfen',502,7.14,2),
(35,'2020-11-15','cogumelos do tempo',423,5.75,2),
(36,'2020-11-15','cogumelos do tempo',624,2.32,2),
(37,'2020-11-15','cogumelos do tempo',55,8.66,2),
(38,'2020-11-15','calcitrin',431,7.53,2),
(39,'2020-11-15','viagra',515,8.63,2),
(40,'2020-11-15','maxilase',260,0.50,2),
(41,'2020-11-15','maxilase',322,7.02,2),
(42,'2020-11-15','aspirina',394,3.22,2),
(43,'2020-11-15','calcitrin',133,0.26,2),
(44,'2020-11-15','maxilase',916,7.32,2),
(45,'2020-11-15','cannabis',845,9.86,2),
(46,'2020-11-15','paracetamol',293,9.93,2),
(47,'2020-11-15','stepfen',759,5.84,2),
(48,'2020-11-15','paracetamol',870,0.47,2),
(49,'2020-11-15','cannabis',605,2.37,2),
(50,'2020-11-15','cannabis',647,9.99,2),
(51,'2020-11-15','aspirina',873,3.58,2),
(52,'2020-11-15','calcitrin',64,2.41,2),
(53,'2020-11-15','maxilase',979,9.37,2),
(54,'2020-11-15','ibuprofeno',788,7.79,2),
(55,'2020-11-15','maxilase',903,3.36,2),
(56,'2020-11-15','stepfen',152,9.99,2),
(57,'2020-11-15','aspirina',113,6.79,2),
(58,'2020-11-15','maxilase',387,4.67,2),
(59,'2020-11-15','cannabis',633,2.51,2),
(60,'2020-11-15','cogumelos do tempo',854,1.35,2),
();
INSERT INTO prescricao_venda (num_cedula, num_doente, data, substancia, num_venda) VALUES
(29,33,'2019-3-1','cannabis',1),
(1,9,'2018-1-16','viagra',2),
(13,30,'2019-12-30','maxilase',3),
(30,17,'2018-6-15','aspirina',4),
(16,7,'2016-8-22','maxilase',5),
(27,45,'2018-11-21','paracetamol',6),
(30,5,'2016-3-18','aspirina',7),
(7,38,'2020-10-12','cannabis',8),
(27,9,'2015-4-16','cogumelos do tempo',9),
(14,5,'2018-8-20','paracetamol',10),
(6,38,'2019-11-7','cannabis',11),
(20,23,'2019-10-14','maxilase',12),
(11,42,'2018-4-4','paracetamol',13),
(21,18,'2015-9-15','paracetamol',14),
(10,4,'2016-8-30','maxilase',15),
(22,17,'2015-7-30','viagra',16),
(15,48,'2016-2-15','viagra',17),
(27,6,'2019-6-12','cannabis',18),
(16,6,'2016-7-13','cannabis',19),
(12,41,'2015-12-25','paracetamol',20),
(27,25,'2020-6-24','stepfen',21),
(27,21,'2018-9-10','viagra',22),
(4,47,'2019-12-19','calcitrin',23),
(30,19,'2018-10-22','cogumelos do tempo',24),
(4,45,'2020-9-23','aspirina',25),
(28,15,'2019-4-26','calcitrin',26),
(5,50,'2019-7-4','calcitrin',27),
(27,22,'2018-1-4','maxilase',28),
(19,7,'2020-7-27','cannabis',29),
(13,1,'2020-9-25','aspirina',30),
(26,41,'2015-2-20','viagra',31),
(26,10,'2020-9-14','ibuprofeno',32),
(2,48,'2017-11-16','viagra',33),
();
