INSERT INTO nome_regiao VALUES
  ('Norte'), ('Centro'), ('Lisboa'), ('Alentejo'), ('Algarve');
INSERT INTO tipo_instituicao VALUES
  ('farmacia'), ('laboratorio'), ('clinica'), ('hospital');
INSERT INTO nome_concelho VALUES
  ('ABRANTES'),
  ('AGUEDA'),
  ('AGUIARDABEIRA'),
  ('ALANDROAL'),
  ('ALBERGARIA-A-VELHA'),
  ('ALBUFEIRA'),
  ('ALCACERDOSAL'),
  ('ALCANENA'),
  ('ALCOBAÇA'),
  ('ALCOCHETE'),
  ('ALCOUTIM'),
  ('ALENQUER'),
  ('ALFANDEGADAFE'),
  ('ALIJO'),
  ('ALJEZUR'),
  ('ALJUSTREL'),
  ('ALMADA'),
  ('ALMEIDA'),
  ('ALMEIRIM'),
  ('ALMODOVAR'),
  ('ALPIARÇA'),
  ('ALTERDOCHÃO'),
  ('ALVAIAZERE'),
  ('ALVITO'),
  ('AMADORA'),
  ('AMARANTE'),
  ('AMARES'),
  ('ANADIA'),
  ('ANGRADOHEROISMO'),
  ('ANSIÃO'),
  ('ARCOSDEVALDEVEZ'),
  ('ARGANIL'),
  ('ARMAMAR'),
  ('AROUCA'),
  ('ARRAIOLOS'),
  ('ARRONCHES'),
  ('ARRUDADOSVINHOS'),
  ('AVEIRO'),
  ('AVIS'),
  ('AZAMBUJA'),
  ('BAIÃO'),
  ('BARCELOS'),
  ('BARRANCOS'),
  ('BARREIRO'),
  ('BATALHA'),
  ('BEJA'),
  ('BELMONTE'),
  ('BENAVENTE'),
  ('BOMBARRAL'),
  ('BORBA'),
  ('BOTICAS'),
  ('BRAGA'),
  ('BRAGANÇA'),
  ('CABECEIRASDEBASTO'),
  ('CADAVAL'),
  ('CALDASDARAINHA'),
  ('CALHETA(AÇORES)'),
  ('CALHETA(MADEIRA)'),
  ('CAMARADELOBOS'),
  ('CAMINHA'),
  ('CAMPOMAIOR'),
  ('CANTANHEDE'),
  ('CARRAZEDADEANSIÃES'),
  ('CARREGALDOSAL'),
  ('CARTAXO'),
  ('CASCAIS'),
  ('CASTANHEIRADEPERA'),
  ('CASTELOBRANCO'),
  ('CASTELODEPAIVA'),
  ('CASTELODEVIDE'),
  ('CASTRODAIRE'),
  ('CASTROMARIM'),
  ('CASTROVERDE'),
  ('CELORICODABEIRA'),
  ('CELORICODEBASTO'),
  ('CHAMUSCA'),
  ('CHAVES'),
  ('CINFÃES'),
  ('COIMBRA'),
  ('CONDEIXA-A-NOVA'),
  ('CONSTANCIA'),
  ('CORUCHE'),
  ('CORVO'),
  ('COVILHÃ'),
  ('CRATO'),
  ('CUBA'),
  ('ELVAS'),
  ('ENTRONCAMENTO'),
  ('ESPINHO'),
  ('ESPOSENDE'),
  ('ESTARREJA'),
  ('ESTREMOZ'),
  ('EVORA'),
  ('FAFE'),
  ('FARO'),
  ('FELGUEIRAS'),
  ('FERREIRADOALENTEJO'),
  ('FERREIRADOZEZERE'),
  ('FIGUEIRADAFOZ'),
  ('FIGUEIRADECASTELORODRIGO'),
  ('FIGUEIRODOSVINHOS'),
  ('FORNOSDEALGODRES'),
  ('FREIXODEESPADAACINTA'),
  ('FRONTEIRA'),
  ('FUNCHAL'),
  ('FUNDÃO'),
  ('GAVIÃO'),
  ('GOIS'),
  ('GOLEGÃ'),
  ('GONDOMAR'),
  ('GOUVEIA'),
  ('GRANDOLA'),
  ('GUARDA'),
  ('GUIMARÃES'),
  ('HORTA'),
  ('IDANHA-A-NOVA'),
  ('ILHAVO'),
  ('LAGOA(AÇORES)'),
  ('LAGOA(ALGARVE)'),
  ('LAGOS'),
  ('LAJESDASFLORES'),
  ('LAJESDOPICO'),
  ('LAMEGO'),
  ('LEIRIA'),
  ('LISBOA'),
  ('LOULE'),
  ('LOURES'),
  ('LOURINHÃ'),
  ('LOUSÃ'),
  ('LOUSADA'),
  ('MAÇÃO'),
  ('MACEDODECAVALEIROS'),
  ('MACHICO'),
  ('MADALENA'),
  ('MAFRA'),
  ('MAIA'),
  ('MANGUALDE'),
  ('MANTEIGAS'),
  ('MARCODECANAVESES'),
  ('MARINHAGRANDE'),
  ('MARVÃO'),
  ('MATOSINHOS'),
  ('MEALHADA'),
  ('MEDA'),
  ('MELGAÇO'),
  ('MERTOLA'),
  ('MESÃOFRIO'),
  ('MIRA'),
  ('MIRANDADOCORVO'),
  ('MIRANDADODOURO'),
  ('MIRANDELA'),
  ('MOGADOURO'),
  ('MOIMENTADABEIRA'),
  ('MOITA'),
  ('MONÇÃO'),
  ('MONCHIQUE'),
  ('MONDIMDEBASTO'),
  ('MONFORTE'),
  ('MONTALEGRE'),
  ('MONTEMOR-O-NOVO'),
  ('MONTEMOR-O-VELHO'),
  ('MONTIJO'),
  ('MORA'),
  ('MORTAGUA'),
  ('MOURA'),
  ('MOURÃO'),
  ('MURÇA'),
  ('MURTOSA'),
  ('NAZARE'),
  ('NELAS'),
  ('NISA'),
  ('NORDESTE'),
  ('OBIDOS'),
  ('ODEMIRA'),
  ('ODIVELAS'),
  ('OEIRAS'),
  ('OLEIROS'),
  ('OLHÃO'),
  ('OLIVEIRADEAZEMEIS'),
  ('OLIVEIRADEFRADES'),
  ('OLIVEIRADOBAIRRO'),
  ('OLIVEIRADOHOSPITAL'),
  ('OUREM'),
  ('OURIQUE'),
  ('OVAR'),
  ('PAÇOSDEFERREIRA'),
  ('PALMELA'),
  ('PAMPILHOSADASERRA'),
  ('PAREDES'),
  ('PAREDESDECOURA'),
  ('PEDROGÃOGRANDE'),
  ('PENACOVA'),
  ('PENAFIEL'),
  ('PENALVADOCASTELO'),
  ('PENAMACOR'),
  ('PENEDONO'),
  ('PENELA'),
  ('PENICHE'),
  ('PESODAREGUA'),
  ('PINHEL'),
  ('POMBAL'),
  ('PONTADELGADA'),
  ('PONTADOSOL'),
  ('PONTEDABARCA'),
  ('PONTEDELIMA'),
  ('PONTEDESOR'),
  ('PORTALEGRE'),
  ('PORTEL'),
  ('PORTIMÃO'),
  ('PORTO'),
  ('PORTODEMOS'),
  ('PORTOMONIZ'),
  ('PORTOSANTO'),
  ('POVOADELANHOSO'),
  ('POVOADEVARZIM'),
  ('POVOAÇÃO'),
  ('PROENÇA-A-NOVA'),
  ('REDONDO'),
  ('REGUENGOSDEMONSARAZ'),
  ('RESENDE'),
  ('RIBEIRABRAVA'),
  ('RIBEIRADEPENA'),
  ('RIBEIRAGRANDE'),
  ('RIOMAIOR'),
  ('S.BRASDEALPORTEL'),
  ('S.JOÃODAMADEIRA'),
  ('S.JOÃODAPESQUEIRA'),
  ('S.PEDRODOSUL'),
  ('S.ROQUEDOPICO'),
  ('S.VICENTE'),
  ('SABROSA'),
  ('SABUGAL'),
  ('SALVATERRADEMAGOS'),
  ('SANTACOMBADÃO'),
  ('SANTACRUZ'),
  ('SANTACRUZDAGRACIOSA'),
  ('SANTACRUZDASFLORES'),
  ('SANTAMARIADAFEIRA'),
  ('SANTAMARTADEPENAGUIÃO'),
  ('SANTANA'),
  ('SANTAREM'),
  ('SANTIAGODOCACEM'),
  ('SANTOTIRSO'),
  ('SARDOAL'),
  ('SATÃO'),
  ('SEIA'),
  ('SEIXAL'),
  ('SERNANCELHE'),
  ('SERPA'),
  ('SERTÃ'),
  ('SESIMBRA'),
  ('SETUBAL'),
  ('SEVERDOVOUGA'),
  ('SILVES'),
  ('SINES'),
  ('SINTRA'),
  ('SOBRALDEMONTEAGRAÇO'),
  ('SOURE'),
  ('SOUSEL'),
  ('TABUA'),
  ('TABUAÇO'),
  ('TAROUCA'),
  ('TAVIRA'),
  ('TERRASDEBOURO'),
  ('TOMAR'),
  ('TONDELA'),
  ('TORREDEMONCORVO'),
  ('TORRESNOVAS'),
  ('TORRESVEDRAS'),
  ('TRANCOSO'),
  ('TROFA'),
  ('VAGOS'),
  ('VALEDECAMBRA'),
  ('VALENÇA'),
  ('VALONGO'),
  ('VALPAÇOS'),
  ('VELAS'),
  ('VENDASNOVAS'),
  ('VIANADOALENTEJO'),
  ('VIANADOCASTELO'),
  ('VIDIGUEIRA'),
  ('VIEIRADOMINHO'),
  ('VILADEREI'),
  ('VILADOBISPO'),
  ('VILADOCONDE'),
  ('VILADOPORTO'),
  ('VILAFLOR'),
  ('VILAFRANCADEXIRA'),
  ('VILAFRANCADOCAMPO'),
  ('VILANOVADABARQUINHA'),
  ('VILANOVADECERVEIRA'),
  ('VILANOVADEFAMALICÃO'),
  ('VILANOVADEFOZCOA'),
  ('VILANOVADEGAIA'),
  ('VILANOVADEPAIVA'),
  ('VILANOVADEPOIARES'),
  ('VILAPOUCADEAGUIAR'),
  ('VILAPRAIADAVITORIA'),
  ('VILAREAL'),
  ('VILAREALDESANTOANTONIO'),
  ('VILAVELHADERODÃO'),
  ('VILAVERDE'),
  ('VILAVIÇOSA'),
  ('VIMIOSO'),
  ('VINHAIS'),
  ('VISEU'),
  ('VIZELA'),
  ('VOUZELA');


INSERT INTO regiao(num_regiao, nome, num_habitantes) VALUES
  (1, 'Norte', 3762983811),
  (2, 'Centro', 1640985536),
  (3, 'Lisboa', 228903079),
  (4, 'Alentejo', 451356990),
  (5, 'Algarve', 99171612);
  

INSERT INTO concelho(num_concelho, num_regiao, nome, num_habitantes) VALUES
  (1, 2, 'ABRANTES', 8800525),
  (2, 2, 'AGUEDA', 6429773),
  (3, 1, 'AGUIARDABEIRA', 4092347),
  (4, 4, 'ALANDROAL', 4712987),
  (5, 2, 'ALBERGARIA-A-VELHA', 1583934),
  (6, 5, 'ALBUFEIRA', 272093),
  (7, 3, 'ALCACERDOSAL', 641699),
  (8, 2, 'ALCANENA', 8920386),
  (9, 2, 'ALCOBAÇA', 9860651),
  (10, 3, 'ALCOCHETE', 9757164),
  (11, 5, 'ALCOUTIM', 8300889),
  (12, 3, 'ALENQUER', 3088691),
  (13, 1, 'ALFANDEGADAFE', 4131238),
  (14, 1, 'ALIJO', 4905179),
  (15, 5, 'ALJEZUR', 7265650),
  (16, 4, 'ALJUSTREL', 1683926),
  (17, 3, 'ALMADA', 3100436),
  (18, 1, 'ALMEIDA', 9591956),
  (19, 2, 'ALMEIRIM', 4223993),
  (20, 4, 'ALMODOVAR', 3514858),
  (21, 2, 'ALPIARÇA', 857488),
  (22, 4, 'ALTERDOCHÃO', 768417),
  (23, 2, 'ALVAIAZERE', 871680),
  (24, 4, 'ALVITO', 4322508),
  (25, 3, 'AMADORA', 743769),
  (26, 1, 'AMARANTE', 626663),
  (27, 1, 'AMARES', 1321740),
  (28, 2, 'ANADIA', 964999),
  (30, 2, 'ANSIÃO', 8472823),
  (31, 1, 'ARCOSDEVALDEVEZ', 9404006),
  (32, 2, 'ARGANIL', 1906783),
  (33, 1, 'ARMAMAR', 8303340),
  (34, 2, 'AROUCA', 726578),
  (35, 4, 'ARRAIOLOS', 6898928),
  (36, 4, 'ARRONCHES', 3518431),
  (37, 3, 'ARRUDADOSVINHOS', 2817383),
  (38, 2, 'AVEIRO', 582911),
  (39, 4, 'AVIS', 9582401),
  (40, 3, 'AZAMBUJA', 5880392),
  (41, 1, 'BAIÃO', 6735235),
  (42, 1, 'BARCELOS', 9074231),
  (43, 4, 'BARRANCOS', 2899979),
  (44, 3, 'BARREIRO', 4979091),
  (45, 2, 'BATALHA', 6749846),
  (46, 4, 'BEJA', 6460741),
  (47, 2, 'BELMONTE', 3751254),
  (48, 2, 'BENAVENTE', 5259602),
  (49, 2, 'BOMBARRAL', 1797311),
  (50, 4, 'BORBA', 1492253),
  (51, 1, 'BOTICAS', 5633661),
  (52, 1, 'BRAGA', 1943551),
  (53, 1, 'BRAGANÇA', 1393402),
  (54, 1, 'CABECEIRASDEBASTO', 4377082),
  (55, 3, 'CADAVAL', 306674),
  (56, 2, 'CALDASDARAINHA', 4401093),
  (60, 1, 'CAMINHA', 9461285),
  (61, 4, 'CAMPOMAIOR', 7865492),
  (62, 2, 'CANTANHEDE', 3121100),
  (63, 1, 'CARRAZEDADEANSIÃES', 5700883),
  (64, 1, 'CARREGALDOSAL', 4976992),
  (65, 2, 'CARTAXO', 4347944),
  (66, 3, 'CASCAIS', 4020794),
  (67, 2, 'CASTANHEIRADEPERA', 17628),
  (68, 2, 'CASTELOBRANCO', 9463645),
  (69, 2, 'CASTELODEPAIVA', 7352564),
  (70, 4, 'CASTELODEVIDE', 8735124),
  (71, 1, 'CASTRODAIRE', 9930060),
  (72, 5, 'CASTROMARIM', 8782363),
  (73, 4, 'CASTROVERDE', 5492347),
  (74, 1, 'CELORICODABEIRA', 3534639),
  (75, 1, 'CELORICODEBASTO', 9695559),
  (76, 2, 'CHAMUSCA', 3055318),
  (77, 1, 'CHAVES', 67017),
  (78, 1, 'CINFÃES', 825060),
  (79, 2, 'COIMBRA', 7680838),
  (80, 2, 'CONDEIXA-A-NOVA', 7235903),
  (81, 2, 'CONSTANCIA', 6555732),
  (82, 2, 'CORUCHE', 7963414),
  (84, 2, 'COVILHÃ', 1085610),
  (85, 4, 'CRATO', 8125630),
  (86, 4, 'CUBA', 7437937),
  (87, 4, 'ELVAS', 2355949),
  (88, 2, 'ENTRONCAMENTO', 2039465),
  (89, 2, 'ESPINHO', 6921854),
  (90, 1, 'ESPOSENDE', 2399261),
  (91, 2, 'ESTARREJA', 2890853),
  (92, 4, 'ESTREMOZ', 1739865),
  (93, 4, 'EVORA', 7554278),
  (94, 1, 'FAFE', 9650178),
  (95, 5, 'FARO', 8969282),
  (96, 1, 'FELGUEIRAS', 600175),
  (97, 4, 'FERREIRADOALENTEJO', 9201982),
  (98, 2, 'FERREIRADOZEZERE', 4380473),
  (99, 2, 'FIGUEIRADAFOZ', 7007273),
  (100, 1, 'FIGUEIRADECASTELORODRIGO', 4265695),
  (101, 2, 'FIGUEIRODOSVINHOS', 9064838),
  (102, 1, 'FORNOSDEALGODRES', 5368540),
  (103, 1, 'FREIXODEESPADAACINTA', 8516404),
  (104, 4, 'FRONTEIRA', 8803242),
  (106, 2, 'FUNDÃO', 2658120),
  (107, 4, 'GAVIÃO', 1150514),
  (108, 2, 'GOIS', 9305386),
  (109, 2, 'GOLEGÃ', 6359152),
  (110, 1, 'GONDOMAR', 9085821),
  (111, 1, 'GOUVEIA', 882989),
  (112, 3, 'GRANDOLA', 9299850),
  (113, 1, 'GUARDA', 5316712),
  (114, 1, 'GUIMARÃES', 5358564),
  (116, 2, 'IDANHA-A-NOVA', 3051824),
  (117, 2, 'ILHAVO', 6824193),
  (119, 5, 'LAGOA(ALGARVE)', 6183537),
  (120, 5, 'LAGOS', 9466119),
  (123, 1, 'LAMEGO', 3887046),
  (124, 2, 'LEIRIA', 8334532),
  (125, 3, 'LISBOA', 1914753),
  (126, 5, 'LOULE', 2957037),
  (127, 3, 'LOURES', 9302862),
  (128, 3, 'LOURINHÃ', 446560),
  (129, 2, 'LOUSÃ', 8109527),
  (130, 1, 'LOUSADA', 9663566),
  (131, 2, 'MAÇÃO', 3095591),
  (132, 1, 'MACEDODECAVALEIROS', 4368559),
  (135, 3, 'MAFRA', 2762375),
  (136, 1, 'MAIA', 7315042),
  (137, 1, 'MANGUALDE', 4203037),
  (138, 1, 'MANTEIGAS', 4697433),
  (139, 1, 'MARCODECANAVESES', 7215402),
  (140, 2, 'MARINHAGRANDE', 5776972),
  (141, 4, 'MARVÃO', 3132379),
  (142, 1, 'MATOSINHOS', 3115131),
  (143, 2, 'MEALHADA', 4957579),
  (144, 1, 'MEDA', 6686147),
  (145, 1, 'MELGAÇO', 6745112),
  (146, 4, 'MERTOLA', 9227637),
  (147, 1, 'MESÃOFRIO', 2261181),
  (148, 2, 'MIRA', 6831590),
  (149, 2, 'MIRANDADOCORVO', 2372332),
  (150, 1, 'MIRANDADODOURO', 7510944),
  (151, 1, 'MIRANDELA', 6794988),
  (152, 1, 'MOGADOURO', 1645263),
  (153, 1, 'MOIMENTADABEIRA', 3559085),
  (154, 3, 'MOITA', 7523298),
  (155, 1, 'MONÇÃO', 7653992),
  (156, 5, 'MONCHIQUE', 447791),
  (157, 1, 'MONDIMDEBASTO', 9063520),
  (158, 4, 'MONFORTE', 9412805),
  (159, 1, 'MONTALEGRE', 5648220),
  (160, 4, 'MONTEMOR-O-NOVO', 5681340),
  (161, 2, 'MONTEMOR-O-VELHO', 6525355),
  (162, 3, 'MONTIJO', 2071529),
  (163, 4, 'MORA', 3765862),
  (164, 1, 'MORTAGUA', 805694),
  (165, 4, 'MOURA', 2215501),
  (166, 4, 'MOURÃO', 8786882),
  (167, 1, 'MURÇA', 7587174),
  (168, 2, 'MURTOSA', 1561439),
  (169, 2, 'NAZARE', 1546693),
  (170, 1, 'NELAS', 9277566),
  (171, 4, 'NISA', 9388125),
  (173, 2, 'OBIDOS', 8844501),
  (174, 4, 'ODEMIRA', 6232804),
  (175, 3, 'ODIVELAS', 1581835),
  (176, 3, 'OEIRAS', 1703129),
  (177, 2, 'OLEIROS', 4678888),
  (178, 5, 'OLHÃO', 5435985),
  (179, 2, 'OLIVEIRADEAZEMEIS', 7281790),
  (180, 1, 'OLIVEIRADEFRADES', 4992537),
  (181, 2, 'OLIVEIRADOBAIRRO', 5818993),
  (182, 2, 'OLIVEIRADOHOSPITAL', 6691398),
  (183, 2, 'OUREM', 4882383),
  (184, 4, 'OURIQUE', 421520),
  (185, 2, 'OVAR', 9704824),
  (186, 1, 'PAÇOSDEFERREIRA', 5254836),
  (187, 3, 'PALMELA', 1147776),
  (188, 2, 'PAMPILHOSADASERRA', 6615867),
  (189, 1, 'PAREDES', 79416),
  (190, 1, 'PAREDESDECOURA', 4803490),
  (191, 2, 'PEDROGÃOGRANDE', 8807915),
  (192, 2, 'PENACOVA', 8983548),
  (193, 1, 'PENAFIEL', 4248668),
  (194, 1, 'PENALVADOCASTELO', 9140825),
  (195, 2, 'PENAMACOR', 7196343),
  (196, 1, 'PENEDONO', 6853404),
  (197, 2, 'PENELA', 8637901),
  (198, 2, 'PENICHE', 4173652),
  (199, 1, 'PESODAREGUA', 3127494),
  (200, 1, 'PINHEL', 6737737),
  (201, 2, 'POMBAL', 1133871),
  (204, 1, 'PONTEDABARCA', 7759220),
  (205, 1, 'PONTEDELIMA', 7422573),
  (206, 4, 'PONTEDESOR', 8506017),
  (207, 4, 'PORTALEGRE', 500548),
  (208, 4, 'PORTEL', 2086867),
  (209, 5, 'PORTIMÃO', 7498626),
  (210, 1, 'PORTO', 861750),
  (211, 2, 'PORTODEMOS', 2524059),
  (214, 1, 'POVOADELANHOSO', 902375),
  (215, 1, 'POVOADEVARZIM', 905734),
  (217, 2, 'PROENÇA-A-NOVA', 5108678),
  (218, 4, 'REDONDO', 9982171),
  (219, 4, 'REGUENGOSDEMONSARAZ', 8809718),
  (220, 1, 'RESENDE', 712400),
  (222, 1, 'RIBEIRADEPENA', 9534109),
  (224, 2, 'RIOMAIOR', 9587784),
  (225, 5, 'S.BRASDEALPORTEL', 7960452),
  (226, 2, 'S.JOÃODAMADEIRA', 4363158),
  (227, 1, 'S.JOÃODAPESQUEIRA', 300315),
  (228, 1, 'S.PEDRODOSUL', 8611216),
  (231, 1, 'SABROSA', 2969203),
  (232, 1, 'SABUGAL', 7854457),
  (233, 2, 'SALVATERRADEMAGOS', 5558647),
  (234, 1, 'SANTACOMBADÃO', 9684205),
  (238, 2, 'SANTAMARIADAFEIRA', 2934660),
  (239, 1, 'SANTAMARTADEPENAGUIÃO', 9704912),
  (241, 2, 'SANTAREM', 1001935),
  (242, 3, 'SANTIAGODOCACEM', 7539813),
  (243, 1, 'SANTOTIRSO', 4832571),
  (244, 2, 'SARDOAL', 3911578),
  (245, 1, 'SATÃO', 8468209),
  (246, 1, 'SEIA', 884398),
  (247, 3, 'SEIXAL', 7735519),
  (248, 1, 'SERNANCELHE', 9167635),
  (249, 4, 'SERPA', 8280271),
  (250, 2, 'SERTÃ', 5622641),
  (251, 3, 'SESIMBRA', 3472233),
  (252, 3, 'SETUBAL', 7072015),
  (253, 2, 'SEVERDOVOUGA', 6682019),
  (254, 5, 'SILVES', 5736019),
  (255, 3, 'SINES', 9031136),
  (256, 3, 'SINTRA', 2277670),
  (257, 3, 'SOBRALDEMONTEAGRAÇO', 9258546),
  (258, 2, 'SOURE', 3167201),
  (259, 4, 'SOUSEL', 4638759),
  (260, 2, 'TABUA', 896170),
  (261, 1, 'TABUAÇO', 4687758),
  (262, 1, 'TAROUCA', 788738),
  (263, 5, 'TAVIRA', 8380428),
  (264, 1, 'TERRASDEBOURO', 7054873),
  (265, 2, 'TOMAR', 8129017),
  (266, 1, 'TONDELA', 9418922),
  (267, 1, 'TORREDEMONCORVO', 8845206),
  (268, 2, 'TORRESNOVAS', 9417482),
  (269, 3, 'TORRESVEDRAS', 1760152),
  (270, 1, 'TRANCOSO', 3676010),
  (271, 1, 'TROFA', 6538934),
  (272, 2, 'VAGOS', 3764409),
  (273, 2, 'VALEDECAMBRA', 6625687),
  (274, 1, 'VALENÇA', 5481286),
  (275, 1, 'VALONGO', 2700671),
  (276, 1, 'VALPAÇOS', 3187838),
  (278, 4, 'VENDASNOVAS', 3612093),
  (279, 4, 'VIANADOALENTEJO', 732660),
  (280, 1, 'VIANADOCASTELO', 4083431),
  (281, 4, 'VIDIGUEIRA', 2077753),
  (282, 1, 'VIEIRADOMINHO', 1986963),
  (283, 2, 'VILADEREI', 9472627),
  (284, 5, 'VILADOBISPO', 5413486),
  (285, 1, 'VILADOCONDE', 5368920),
  (287, 1, 'VILAFLOR', 2982889),
  (288, 3, 'VILAFRANCADEXIRA', 5157604),
  (290, 2, 'VILANOVADABARQUINHA', 110239),
  (291, 1, 'VILANOVADECERVEIRA', 9789732),
  (292, 1, 'VILANOVADEFAMALICÃO', 1021815),
  (293, 1, 'VILANOVADEFOZCOA', 4737479),
  (294, 1, 'VILANOVADEGAIA', 145732),
  (295, 1, 'VILANOVADEPAIVA', 6962246),
  (296, 2, 'VILANOVADEPOIARES', 516765),
  (297, 1, 'VILAPOUCADEAGUIAR', 1868566),
  (299, 1, 'VILAREAL', 4172942),
  (300, 5, 'VILAREALDESANTOANTONIO', 6373948),
  (301, 2, 'VILAVELHADERODÃO', 9552154),
  (302, 1, 'VILAVERDE', 3698408),
  (303, 4, 'VILAVIÇOSA', 8581981),
  (304, 1, 'VIMIOSO', 622498),
  (305, 1, 'VINHAIS', 8480000),
  (306, 1, 'VISEU', 3063594),
  (307, 1, 'VIZELA', 9291187),
  (308, 1, 'VOUZELA', 1605698);


INSERT INTO instituicao (nome, tipo, num_regiao, num_concelho) VALUES
  ('1','hospital',5,156),
  ('2','farmacia',2,34),
  ('3','farmacia',2,34),
  ('4','hospital',4,86),
  ('5','hospital',2,238),
  ('6','clinica',2,192),
  ('7','laboratorio',1,159),
  ('8','hospital',1,194),
  ('9','clinica',2,179),
  ('10','clinica',1,153),
  ('11','farmacia',2,34),
  ('12','clinica',1,113),
  ('14','clinica',1,3),
  ('15','hospital',4,208),
  ('16','hospital',1,41),
  ('17','clinica',1,110),
  ('18','clinica',2,197),
  ('19','farmacia',2,34);

INSERT INTO medico (num_cedula, nome, especialidade) VALUES
  (1,'nome 1','otorrino'),
  (2,'nome 2','pediatra'),
  (3,'nome 3','pediatra'),
  (4,'nome 4','otorrino'),
  (5,'nome 5','pediatra'),
  (6,'nome 6','otorrino'),
  (7,'nome 7','pediatra'),
  (8,'nome 8','pediatra'),
  (9,'nome 9','otorrino'),
  (10,'nome 10','cirurgiao'),
  (11,'nome 11','otorrino'),
  (12,'nome 12','pediatra'),
  (13,'nome 13','pediatra'),
  (14,'nome 14','cirurgiao'),
  (15,'nome 15','pediatra'),
  (16,'nome 16','otorrino'),
  (17,'nome 17','pediatra'),
  (18,'nome 18','pediatra'),
  (19,'nome 19','otorrino'),
  (20,'nome 20','cirurgiao'),
  (21,'nome 21','pediatra'),
  (22,'nome 22','cirurgiao'),
  (23,'nome 23','cirurgiao'),
  (24,'nome 24','otorrino'),
  (25,'nome 25','otorrino'),
  (26,'nome 26','cirurgiao'),
  (27,'nome 27','cirurgiao'),
  (28,'nome 28','pediatra'),
  (29,'nome 29','otorrino'),
  (30,'nome 30','cirurgiao');

INSERT INTO consulta (num_cedula, num_doente, data, nome_instituicao) VALUES
  (7,26,'2018-8-24','6'),
  (5,23,'2017-8-31','6'),
  (14,16,'2016-7-4','10'),
  (11,29,'2019-12-23','10'),
  (2,27,'2015-6-15','4'),
  (1,10,'2019-10-29','5'),
  (1,30,'2016-9-30','8'),
  (25,26,'2016-4-6','4'),
  (27,21,'2017-9-4','6'),
  (4,8,'2019-7-10','2'),
  (28,22,'2017-2-13','2'),
  (11,30,'2015-5-22','4'),
  (4,29,'2017-3-6','10'),
  (12,18,'2016-1-15','10'),
  (1,2,'2019-5-7','5'),
  (22,30,'2017-5-19','6'),
  (4,8,'2017-9-27','8'),
  (26,30,'2020-10-21','6'),
  (25,20,'2019-2-12','8'),
  (12,9,'2020-8-21','1'),
  (10,28,'2018-3-6','10'),
  (12,1,'2020-2-4','8'),
  (27,3,'2020-2-10','2'),
  (29,18,'2020-12-17','1'),
  (20,24,'2020-11-24','7'),
  (26,19,'2020-3-10','10'),
  (12,19,'2019-4-8','1'),
  (17,21,'2015-5-19','2'),
  (14,18,'2016-10-19','1'),
  (21,30,'2018-11-13','10'),
  (10,5,'2016-9-14','6'),
  (28,23,'2019-9-30','6'),
  (4,15,'2015-2-23','7'),
  (16,12,'2019-4-29','10'),
  (9,3,'2018-9-25','2'),
  (29,21,'2020-8-13','4'),
  (7,9,'2018-12-14','1'),
  (29,8,'2020-5-25','4'),
  (24,18,'2015-6-9','10'),
  (7,19,'2020-12-30','6'),
  (30,6,'2018-10-5','4'),
  (14,17,'2018-1-30','6'),
  (2,29,'2015-5-18','8'),
  (20,14,'2018-6-15','6'),
  (24,18,'2018-9-28','10'),
  (20,16,'2019-5-10','10'),
  (13,13,'2015-7-3','5'),
  (15,21,'2015-9-11','6'),
  (15,2,'2015-10-8','4'),
  (23,27,'2018-5-18','4'),
  (13,28,'2016-10-27','8'),
  (9,24,'2019-7-16','2'),
  (30,6,'2016-12-13','10'),
  (23,4,'2018-10-16','6'),
  (17,13,'2020-10-30','10'),
  (17,19,'2018-11-21','5'),
  (13,26,'2017-1-24','1'),
  (12,12,'2020-4-1','8'),
  (3,21,'2015-3-24','7'),
  (24,18,'2019-5-31','5'),
  (1,20,'2018-7-30','4'),
  (26,18,'2020-6-17','4'),
  (13,1,'2015-2-25','7'),
  (16,2,'2015-2-27','10'),
  (30,4,'2019-3-27','4'),
  (5,29,'2017-6-15','10'),
  (4,19,'2017-12-22','8'),
  (15,1,'2018-3-8','1'),
  (9,13,'2018-1-3','8');

INSERT INTO prescricao (num_cedula, num_doente, data, substancia, quant) VALUES
  (7,26,'2018-8-24', 'stepfen', 629),
  (5,23,'2017-8-31', 'viagra', 192),
  (14,16,'2016-7-4', 'viagra', 393),
  (11,29,'2019-12-23', 'stepfen', 269),
  (2,27,'2015-6-15', 'ibuprofeno', 717),
  (1,10,'2019-10-29', 'paracetamol', 315),
  (1,30,'2016-9-30', 'stepfen', 121),
  (25,26,'2016-4-6', 'ibuprofeno', 934),
  (27,21,'2017-9-4', 'aspirina', 826),
  (4,8,'2019-7-10', 'maxilase', 838),
  (28,22,'2017-2-13', 'paracetamol', 73),
  (11,30,'2015-5-22', 'maxilase', 273),
  (4,29,'2017-3-6', 'viagra', 256),
  (12,18,'2016-1-15', 'calcitrin', 951),
  (1,2,'2019-5-7', 'cannabis', 675);

INSERT INTO analise (num_analise, especialidade, num_cedula, num_doente, data, data_registo, nome, quant, inst) VALUES
  (0,'otorrino',21,30,'2018-11-13','2018-11-13','nome 0',0,'10'),
  (1,'cirurgiao',10,28,'2018-3-6','2018-3-6','nome 1',1,'8'),
  (2,'cirurgiao',29,21,'2020-8-13','2020-8-13','nome 2',2,'8'),
  (3,'cirurgiao',7,9,'2018-12-14','2018-12-14','nome 3',3,'7'),
  (4,'cirurgiao',29,18,'2020-12-17','2020-12-17','nome 4',4,'1'),
  (5,'cirurgiao',29,21,'2020-8-13','2020-8-13','nome 5',5,'8'),
  (6,'cirurgiao',7,19,'2020-12-30','2020-12-30','nome 6',6,'7'),
  (7,'cirurgiao',4,19,'2017-12-22','2017-12-22','nome 7',7,'6'),
  (8,'cirurgiao',2,27,'2015-6-15','2015-6-15','nome 8',8,'5'),
  (9,'pediatra',30,6,'2016-12-13','2016-12-13','nome 9',9,'10'),
  (10,'otorrino',20,24,'2020-11-24','2020-11-24','nome 10',10,'10'),
  (11,'pediatra',17,19,'2018-11-21','2018-11-21','nome 11',11,'8'),
  (12,'otorrino',21,30,'2018-11-13','2018-11-13','nome 12',12,'8'),
  (13,'pediatra',9,3,'2018-9-25','2018-9-25','nome 13',13,'5'),
  (14,'pediatra',30,6,'2016-12-13','2016-12-13','nome 14',14,'5'),
  (15,'pediatra',30,6,'2018-10-5','2018-10-5','nome 15',15,'1'),
  (16,'pediatra',30,6,'2016-12-13','2016-12-13','nome 16',16,'4'),
  (17,'pediatra',12,12,'2020-4-1','2020-4-1','nome 17',17,'6'),
  (18,'cirurgiao',2,29,'2015-5-18','2015-5-18','nome 18',18,'5'),
  (19,'cirurgiao',29,18,'2020-12-17','2020-12-17','nome 19',19,'8'),
  (20,'pediatra',24,18,'2019-5-31','2019-5-31','nome 20',20,'5'),
  (21,'pediatra',17,13,'2020-10-30','2020-10-30','nome 21',21,'8'),
  (22,'cirurgiao',2,27,'2015-6-15','2015-6-15','nome 22',22,'5'),
  (23,'otorrino',11,30,'2015-5-22','2015-5-22','nome 23',23,'6'),
  (24,'pediatra',17,19,'2018-11-21','2018-11-21','nome 24',24,'4'),
  (25,'cirurgiao',23,4,'2018-10-16','2018-10-16','nome 25',25,'4'),
  (26,'cirurgiao',7,19,'2020-12-30','2020-12-30','nome 26',26,'2'),
  (27,'pediatra',28,23,'2019-9-30','2019-9-30','nome 27',27,'7'),
  (28,'pediatra',14,18,'2016-10-19','2016-10-19','nome 28',28,'1'),
  (29,'cirurgiao',4,19,'2017-12-22','2017-12-22','nome 29',29,'4'),
  (30,'pediatra',24,18,'2018-9-28','2018-9-28','nome 30',30,'4'),
  (31,'cirurgiao',15,2,'2015-10-8','2015-10-8','nome 31',31,'4'),
  (32,'pediatra',9,24,'2019-7-16','2019-7-16','nome 32',32,'6'),
  (33,'pediatra',12,12,'2020-4-1','2020-4-1','nome 33',33,'4'),
  (34,'cirurgiao',2,27,'2015-6-15','2015-6-15','nome 34',34,'4'),
  (35,'otorrino',20,24,'2020-11-24','2020-11-24','nome 35',35,'1'),
  (36,'cirurgiao',23,27,'2018-5-18','2018-5-18','nome 36',36,'4'),
  (37,'pediatra',14,16,'2016-7-4','2016-7-4','nome 37',37,'1'),
  (38,'pediatra',17,13,'2020-10-30','2020-10-30','nome 38',38,'10'),
  (39,'cirurgiao',13,28,'2016-10-27','2016-10-27','nome 39',39,'10');

INSERT INTO venda_farmacia (num_venda, data_registo, substancia, quant, preco, inst) VALUES
  (1,'2020-11-15','stepfen',121,1.47,3),
  (2,'2020-11-15','maxilase',273,0.46,3),
  (3,'2020-11-15','stepfen',629,5.35,3),
  (4,'2020-11-15','maxilase',838,6.42,9),
  (5,'2020-11-15','paracetamol',73,6.85,3),
  (6,'2020-11-15','ibuprofeno',717,8.49,3),
  (7,'2020-11-15','paracetamol',315,8.26,3),
  (8,'2020-11-15','aspirina',826,9.01,9),
  (9,'2020-11-15','viagra',256,6.15,9),
  (10,'2020-11-15','calcitrin',951,6.59,9),
  (11,'2020-11-15','cannabis',675,6.76,9),
  (12,'2020-11-15','viagra',192,9.24,9),
  (13,'2020-11-15','viagra',393,1.30,3),
  (14,'2020-11-15','stepfen',269,9.25,3),
  (15,'2020-11-15','ibuprofeno',934,2.53,9),
  (16,'2020-11-15','cannabis',11,7.35,3),
  (17,'2020-11-15','viagra',786,0.97,9),
  (18,'2020-11-15','maxilase',513,1.89,9),
  (19,'2020-11-15','cogumelos do tempo',745,4.46,3),
  (20,'2020-11-15','cannabis',581,9.15,3),
  (21,'2020-11-15','cannabis',47,7.14,9),
  (22,'2020-11-15','cannabis',195,9.98,9),
  (23,'2020-11-15','cannabis',528,1.89,3),
  (24,'2020-11-15','viagra',670,1.67,3),
  (25,'2020-11-15','paracetamol',718,9.05,3),
  (26,'2020-11-15','calcitrin',86,6.81,9),
  (27,'2020-11-15','calcitrin',15,6.03,3),
  (28,'2020-11-15','cogumelos do tempo',103,1.43,3),
  (29,'2020-11-15','viagra',854,7.13,3),
  (30,'2020-11-15','cannabis',17,0.81,9),
  (31,'2020-11-15','paracetamol',485,7.78,9),
  (32,'2020-11-15','viagra',799,1.88,3),
  (33,'2020-11-15','paracetamol',623,0.47,9),
  (34,'2020-11-15','aspirina',135,6.02,3),
  (35,'2020-11-15','paracetamol',957,9.98,3),
  (36,'2020-11-15','ibuprofeno',603,5.40,9),
  (37,'2020-11-15','viagra',440,9.09,3),
  (38,'2020-11-15','maxilase',143,5.05,3),
  (39,'2020-11-15','ibuprofeno',369,5.08,9),
  (40,'2020-11-15','stepfen',355,8.57,9),
  (41,'2020-11-15','cogumelos do tempo',475,9.69,9),
  (42,'2020-11-15','maxilase',825,5.04,9),
  (43,'2020-11-15','aspirina',566,0.47,3),
  (44,'2020-11-15','cogumelos do tempo',831,5.56,3),
  (45,'2020-11-15','stepfen',301,5.55,9),
  (46,'2020-11-15','aspirina',251,3.56,3),
  (47,'2020-11-15','paracetamol',283,6.08,9),
  (48,'2020-11-15','paracetamol',108,8.96,9),
  (49,'2020-11-15','stepfen',256,1.54,9),
  (50,'2020-11-15','stepfen',38,9.93,3),
  (51,'2020-11-15','calcitrin',524,8.79,3),
  (52,'2020-11-15','aspirina',575,9.23,3),
  (53,'2020-11-15','viagra',320,6.16,9),
  (54,'2020-11-15','paracetamol',43,3.38,3),
  (55,'2020-11-15','cogumelos do tempo',268,2.90,9),
  (56,'2020-11-15','paracetamol',908,6.83,9),
  (57,'2020-11-15','aspirina',327,0.41,3),
  (58,'2020-11-15','ibuprofeno',841,6.39,3),
  (59,'2020-11-15','ibuprofeno',393,3.28,3),
  (60,'2020-11-15','aspirina',782,9.27,3),
  (61,'2020-11-16','aspirina',277,0.51,2),
  (62,'2020-11-16','cannabis',918,0.25,3),
  (63,'2020-11-16','cogumelos do tempo',473,1.69,2),
  (64,'2020-11-16','stepfen',428,6.21,2),
  (65,'2020-11-16','viagra',580,7.71,3),
  (66,'2020-11-16','cogumelos do tempo',930,0.40,19),
  (67,'2020-11-16','cogumelos do tempo',574,8.43,19),
  (68,'2020-11-16','paracetamol',898,6.01,11),
  (69,'2020-11-16','ibuprofeno',610,4.75,2),
  (70,'2020-11-16','maxilase',676,3.68,19),
  (71,'2020-11-16','cogumelos do tempo',655,2.74,3),
  (72,'2020-11-16','maxilase',693,4.17,2),
  (73,'2020-11-16','viagra',370,3.37,19),
  (74,'2020-11-16','viagra',630,6.41,3),
  (75,'2020-11-16','paracetamol',715,3.37,3),
  (76,'2020-11-16','calcitrin',914,3.34,11),
  (77,'2020-11-16','cannabis',932,5.67,2),
  (78,'2020-11-16','cannabis',757,8.56,11),
  (79,'2020-11-16','cogumelos do tempo',67,2.89,2),
  (80,'2020-11-16','stepfen',332,1.71,11),
  (81,'2020-11-16','stepfen',949,6.61,19),
  (82,'2020-11-16','ibuprofeno',269,1.66,3),
  (83,'2020-11-16','aspirina',85,6.66,2),
  (84,'2020-11-16','viagra',549,3.10,2),
  (85,'2020-11-16','stepfen',426,0.51,11),
  (86,'2020-11-16','paracetamol',924,7.79,19),
  (87,'2020-11-16','aspirina',116,7.55,3),
  (88,'2020-11-16','cogumelos do tempo',156,2.01,2),
  (89,'2020-11-16','viagra',340,4.84,19),
  (90,'2020-11-16','paracetamol',74,7.14,2),
  (91,'2020-11-16','stepfen',766,5.41,2),
  (92,'2020-11-16','calcitrin',947,1.62,11),
  (93,'2020-11-16','paracetamol',490,4.95,3),
  (94,'2020-11-16','maxilase',476,6.08,2),
  (95,'2020-11-16','calcitrin',328,7.90,11),
  (96,'2020-11-16','aspirina',539,8.59,3),
  (97,'2020-11-16','stepfen',318,0.02,2),
  (98,'2020-11-16','paracetamol',439,5.18,11),
  (99,'2020-11-16','maxilase',143,1.01,19),
  (100,'2020-11-16','maxilase',887,7.86,11),
  (101,'2020-11-16','maxilase',336,5.31,3),
  (102,'2020-11-16','stepfen',576,0.29,2),
  (103,'2020-11-16','viagra',890,1.41,3),
  (104,'2020-11-16','aspirina',919,6.39,2),
  (105,'2020-11-16','ibuprofeno',46,7.18,3),
  (106,'2020-11-16','viagra',506,1.40,2),
  (107,'2020-11-16','calcitrin',748,0.60,2),
  (108,'2020-11-16','viagra',948,9.88,19),
  (109,'2020-11-16','maxilase',551,5.60,11),
  (110,'2020-11-16','ibuprofeno',850,9.06,3),
  (111,'2020-11-16','calcitrin',229,1.35,19),
  (112,'2020-11-16','calcitrin',870,2.40,19),
  (113,'2020-11-16','paracetamol',805,3.37,19),
  (114,'2020-11-16','cogumelos do tempo',423,7.61,19),
  (115,'2020-11-16','calcitrin',728,4.60,3),
  (116,'2020-11-16','cogumelos do tempo',141,3.06,11),
  (117,'2020-11-16','aspirina',624,5.01,3),
  (118,'2020-11-16','paracetamol',184,3.81,3),
  (119,'2020-11-16','paracetamol',196,0.34,3),
  (120,'2020-11-16','cogumelos do tempo',370,4.40,2);

INSERT INTO prescricao_venda (num_cedula, num_doente, data, substancia, num_venda) VALUES
  (7,26,'2018-8-24', 'stepfen', 5),
  (5,23,'2017-8-31', 'viagra', 8),
  (11,29,'2019-12-23', 'stepfen', 10),
  (25,26,'2016-4-6', 'ibuprofeno', 34),
  (28,22,'2017-2-13', 'paracetamol', 10),
  (11,30,'2015-5-22', 'maxilase', 2),
  (4,29,'2017-3-6', 'viagra', 3),
  (12,18,'2016-1-15', 'calcitrin', 6);