INSERT INTO nome_regiao VALUES
  ('Ilhas'), ('Norte'), ('Centro'), ('Lisboa'), ('Alentejo'), ('Algarve');
INSERT INTO tipo_instituicao VALUES
  ('farmacia'), ('laboratorio'), ('clinica'), ('hospital');
INSERT INTO nome_concelho VALUES
  ('ABRANTES'),
  ('AGUEDA'),
  ('AGUIARDABEIRA'),
  ('ALANDROAL'),
  ('ALBERGARIA-A-VELHA'),
  ('ALBUFEIRA'),
  ('ALCACERDOSAL'),
  ('ALCANENA'),
  ('ALCOBAÇA'),
  ('ALCOCHETE'),
  ('ALCOUTIM'),
  ('ALENQUER'),
  ('ALFANDEGADAFE'),
  ('ALIJO'),
  ('ALJEZUR'),
  ('ALJUSTREL'),
  ('ALMADA'),
  ('ALMEIDA'),
  ('ALMEIRIM'),
  ('ALMODOVAR'),
  ('ALPIARÇA'),
  ('ALTERDOCHÃO'),
  ('ALVAIAZERE'),
  ('ALVITO'),
  ('AMADORA'),
  ('AMARANTE'),
  ('AMARES'),
  ('ANADIA'),
  ('ANGRADOHEROISMO'),
  ('ANSIÃO'),
  ('ARCOSDEVALDEVEZ'),
  ('ARGANIL'),
  ('ARMAMAR'),
  ('AROUCA'),
  ('ARRAIOLOS'),
  ('ARRONCHES'),
  ('ARRUDADOSVINHOS'),
  ('AVEIRO'),
  ('AVIS'),
  ('AZAMBUJA'),
  ('BAIÃO'),
  ('BARCELOS'),
  ('BARRANCOS'),
  ('BARREIRO'),
  ('BATALHA'),
  ('BEJA'),
  ('BELMONTE'),
  ('BENAVENTE'),
  ('BOMBARRAL'),
  ('BORBA'),
  ('BOTICAS'),
  ('BRAGA'),
  ('BRAGANÇA'),
  ('CABECEIRASDEBASTO'),
  ('CADAVAL'),
  ('CALDASDARAINHA'),
  ('CALHETA(AÇORES)'),
  ('CALHETA(MADEIRA)'),
  ('CAMARADELOBOS'),
  ('CAMINHA'),
  ('CAMPOMAIOR'),
  ('CANTANHEDE'),
  ('CARRAZEDADEANSIÃES'),
  ('CARREGALDOSAL'),
  ('CARTAXO'),
  ('CASCAIS'),
  ('CASTANHEIRADEPERA'),
  ('CASTELOBRANCO'),
  ('CASTELODEPAIVA'),
  ('CASTELODEVIDE'),
  ('CASTRODAIRE'),
  ('CASTROMARIM'),
  ('CASTROVERDE'),
  ('CELORICODABEIRA'),
  ('CELORICODEBASTO'),
  ('CHAMUSCA'),
  ('CHAVES'),
  ('CINFÃES'),
  ('COIMBRA'),
  ('CONDEIXA-A-NOVA'),
  ('CONSTANCIA'),
  ('CORUCHE'),
  ('CORVO'),
  ('COVILHÃ'),
  ('CRATO'),
  ('CUBA'),
  ('ELVAS'),
  ('ENTRONCAMENTO'),
  ('ESPINHO'),
  ('ESPOSENDE'),
  ('ESTARREJA'),
  ('ESTREMOZ'),
  ('EVORA'),
  ('FAFE'),
  ('FARO'),
  ('FELGUEIRAS'),
  ('FERREIRADOALENTEJO'),
  ('FERREIRADOZEZERE'),
  ('FIGUEIRADAFOZ'),
  ('FIGUEIRADECASTELORODRIGO'),
  ('FIGUEIRODOSVINHOS'),
  ('FORNOSDEALGODRES'),
  ('FREIXODEESPADAACINTA'),
  ('FRONTEIRA'),
  ('FUNCHAL'),
  ('FUNDÃO'),
  ('GAVIÃO'),
  ('GOIS'),
  ('GOLEGÃ'),
  ('GONDOMAR'),
  ('GOUVEIA'),
  ('GRANDOLA'),
  ('GUARDA'),
  ('GUIMARÃES'),
  ('HORTA'),
  ('IDANHA-A-NOVA'),
  ('ILHAVO'),
  ('LAGOA(AÇORES)'),
  ('LAGOA(ALGARVE)'),
  ('LAGOS'),
  ('LAJESDASFLORES'),
  ('LAJESDOPICO'),
  ('LAMEGO'),
  ('LEIRIA'),
  ('LISBOA'),
  ('LOULE'),
  ('LOURES'),
  ('LOURINHÃ'),
  ('LOUSÃ'),
  ('LOUSADA'),
  ('MAÇÃO'),
  ('MACEDODECAVALEIROS'),
  ('MACHICO'),
  ('MADALENA'),
  ('MAFRA'),
  ('MAIA'),
  ('MANGUALDE'),
  ('MANTEIGAS'),
  ('MARCODECANAVESES'),
  ('MARINHAGRANDE'),
  ('MARVÃO'),
  ('MATOSINHOS'),
  ('MEALHADA'),
  ('MEDA'),
  ('MELGAÇO'),
  ('MERTOLA'),
  ('MESÃOFRIO'),
  ('MIRA'),
  ('MIRANDADOCORVO'),
  ('MIRANDADODOURO'),
  ('MIRANDELA'),
  ('MOGADOURO'),
  ('MOIMENTADABEIRA'),
  ('MOITA'),
  ('MONÇÃO'),
  ('MONCHIQUE'),
  ('MONDIMDEBASTO'),
  ('MONFORTE'),
  ('MONTALEGRE'),
  ('MONTEMOR-O-NOVO'),
  ('MONTEMOR-O-VELHO'),
  ('MONTIJO'),
  ('MORA'),
  ('MORTAGUA'),
  ('MOURA'),
  ('MOURÃO'),
  ('MURÇA'),
  ('MURTOSA'),
  ('NAZARE'),
  ('NELAS'),
  ('NISA'),
  ('NORDESTE'),
  ('OBIDOS'),
  ('ODEMIRA'),
  ('ODIVELAS'),
  ('OEIRAS'),
  ('OLEIROS'),
  ('OLHÃO'),
  ('OLIVEIRADEAZEMEIS'),
  ('OLIVEIRADEFRADES'),
  ('OLIVEIRADOBAIRRO'),
  ('OLIVEIRADOHOSPITAL'),
  ('OUREM'),
  ('OURIQUE'),
  ('OVAR'),
  ('PAÇOSDEFERREIRA'),
  ('PALMELA'),
  ('PAMPILHOSADASERRA'),
  ('PAREDES'),
  ('PAREDESDECOURA'),
  ('PEDROGÃOGRANDE'),
  ('PENACOVA'),
  ('PENAFIEL'),
  ('PENALVADOCASTELO'),
  ('PENAMACOR'),
  ('PENEDONO'),
  ('PENELA'),
  ('PENICHE'),
  ('PESODAREGUA'),
  ('PINHEL'),
  ('POMBAL'),
  ('PONTADELGADA'),
  ('PONTADOSOL'),
  ('PONTEDABARCA'),
  ('PONTEDELIMA'),
  ('PONTEDESOR'),
  ('PORTALEGRE'),
  ('PORTEL'),
  ('PORTIMÃO'),
  ('PORTO'),
  ('PORTODEMOS'),
  ('PORTOMONIZ'),
  ('PORTOSANTO'),
  ('POVOADELANHOSO'),
  ('POVOADEVARZIM'),
  ('POVOAÇÃO'),
  ('PROENÇA-A-NOVA'),
  ('REDONDO'),
  ('REGUENGOSDEMONSARAZ'),
  ('RESENDE'),
  ('RIBEIRABRAVA'),
  ('RIBEIRADEPENA'),
  ('RIBEIRAGRANDE'),
  ('RIOMAIOR'),
  ('S.BRASDEALPORTEL'),
  ('S.JOÃODAMADEIRA'),
  ('S.JOÃODAPESQUEIRA'),
  ('S.PEDRODOSUL'),
  ('S.ROQUEDOPICO'),
  ('S.VICENTE'),
  ('SABROSA'),
  ('SABUGAL'),
  ('SALVATERRADEMAGOS'),
  ('SANTACOMBADÃO'),
  ('SANTACRUZ'),
  ('SANTACRUZDAGRACIOSA'),
  ('SANTACRUZDASFLORES'),
  ('SANTAMARIADAFEIRA'),
  ('SANTAMARTADEPENAGUIÃO'),
  ('SANTANA'),
  ('SANTAREM'),
  ('SANTIAGODOCACEM'),
  ('SANTOTIRSO'),
  ('SARDOAL'),
  ('SATÃO'),
  ('SEIA'),
  ('SEIXAL'),
  ('SERNANCELHE'),
  ('SERPA'),
  ('SERTÃ'),
  ('SESIMBRA'),
  ('SETUBAL'),
  ('SEVERDOVOUGA'),
  ('SILVES'),
  ('SINES'),
  ('SINTRA'),
  ('SOBRALDEMONTEAGRAÇO'),
  ('SOURE'),
  ('SOUSEL'),
  ('TABUA'),
  ('TABUAÇO'),
  ('TAROUCA'),
  ('TAVIRA'),
  ('TERRASDEBOURO'),
  ('TOMAR'),
  ('TONDELA'),
  ('TORREDEMONCORVO'),
  ('TORRESNOVAS'),
  ('TORRESVEDRAS'),
  ('TRANCOSO'),
  ('TROFA'),
  ('VAGOS'),
  ('VALEDECAMBRA'),
  ('VALENÇA'),
  ('VALONGO'),
  ('VALPAÇOS'),
  ('VELAS'),
  ('VENDASNOVAS'),
  ('VIANADOALENTEJO'),
  ('VIANADOCASTELO'),
  ('VIDIGUEIRA'),
  ('VIEIRADOMINHO'),
  ('VILADEREI'),
  ('VILADOBISPO'),
  ('VILADOCONDE'),
  ('VILADOPORTO'),
  ('VILAFLOR'),
  ('VILAFRANCADEXIRA'),
  ('VILAFRANCADOCAMPO'),
  ('VILANOVADABARQUINHA'),
  ('VILANOVADECERVEIRA'),
  ('VILANOVADEFAMALICÃO'),
  ('VILANOVADEFOZCOA'),
  ('VILANOVADEGAIA'),
  ('VILANOVADEPAIVA'),
  ('VILANOVADEPOIARES'),
  ('VILAPOUCADEAGUIAR'),
  ('VILAPRAIADAVITORIA'),
  ('VILAREAL'),
  ('VILAREALDESANTOANTONIO'),
  ('VILAVELHADERODÃO'),
  ('VILAVERDE'),
  ('VILAVIÇOSA'),
  ('VIMIOSO'),
  ('VINHAIS'),
  ('VISEU'),
  ('VIZELA'),
  ('VOUZELA');


INSERT INTO regiao(num_regiao, nome, num_habitantes) VALUES
  (0, 'Ilhas', 668378780),
  (1, 'Norte', 3762983811),
  (2, 'Centro', 1640985536),
  (3, 'Lisboa', 228903079),
  (4, 'Alentejo', 451356990),
  (5, 'Algarve', 99171612);
  

INSERT INTO concelho(num_concelho, num_regiao, nome, num_habitantes) VALUES
  (1, 2, 'ABRANTES', 8800525),
  (2, 2, 'AGUEDA', 6429773),
  (3, 1, 'AGUIARDABEIRA', 4092347),
  (4, 4, 'ALANDROAL', 4712987),
  (5, 2, 'ALBERGARIA-A-VELHA', 1583934),
  (6, 5, 'ALBUFEIRA', 272093),
  (7, 3, 'ALCACERDOSAL', 641699),
  (8, 2, 'ALCANENA', 8920386),
  (9, 2, 'ALCOBAÇA', 9860651),
  (10, 3, 'ALCOCHETE', 9757164),
  (11, 5, 'ALCOUTIM', 8300889),
  (12, 3, 'ALENQUER', 3088691),
  (13, 1, 'ALFANDEGADAFE', 4131238),
  (14, 1, 'ALIJO', 4905179),
  (15, 5, 'ALJEZUR', 7265650),
  (16, 4, 'ALJUSTREL', 1683926),
  (17, 3, 'ALMADA', 3100436),
  (18, 1, 'ALMEIDA', 9591956),
  (19, 2, 'ALMEIRIM', 4223993),
  (20, 4, 'ALMODOVAR', 3514858),
  (21, 2, 'ALPIARÇA', 857488),
  (22, 4, 'ALTERDOCHÃO', 768417),
  (23, 2, 'ALVAIAZERE', 871680),
  (24, 4, 'ALVITO', 4322508),
  (25, 3, 'AMADORA', 743769),
  (26, 1, 'AMARANTE', 626663),
  (27, 1, 'AMARES', 1321740),
  (28, 2, 'ANADIA', 964999),
  (29, 0, 'ANGRADOHEROISMO', 4707938),
  (30, 2, 'ANSIÃO', 8472823),
  (31, 1, 'ARCOSDEVALDEVEZ', 9404006),
  (32, 2, 'ARGANIL', 1906783),
  (33, 1, 'ARMAMAR', 8303340),
  (34, 2, 'AROUCA', 726578),
  (35, 4, 'ARRAIOLOS', 6898928),
  (36, 4, 'ARRONCHES', 3518431),
  (37, 3, 'ARRUDADOSVINHOS', 2817383),
  (38, 2, 'AVEIRO', 582911),
  (39, 4, 'AVIS', 9582401),
  (40, 3, 'AZAMBUJA', 5880392),
  (41, 1, 'BAIÃO', 6735235),
  (42, 1, 'BARCELOS', 9074231),
  (43, 4, 'BARRANCOS', 2899979),
  (44, 3, 'BARREIRO', 4979091),
  (45, 2, 'BATALHA', 6749846),
  (46, 4, 'BEJA', 6460741),
  (47, 2, 'BELMONTE', 3751254),
  (48, 2, 'BENAVENTE', 5259602),
  (49, 2, 'BOMBARRAL', 1797311),
  (50, 4, 'BORBA', 1492253),
  (51, 1, 'BOTICAS', 5633661),
  (52, 1, 'BRAGA', 1943551),
  (53, 1, 'BRAGANÇA', 1393402),
  (54, 1, 'CABECEIRASDEBASTO', 4377082),
  (55, 3, 'CADAVAL', 306674),
  (56, 2, 'CALDASDARAINHA', 4401093),
  (57, 0, 'CALHETA(AÇORES)', 6766444),
  (58, 0, 'CALHETA(MADEIRA)', 6001589),
  (59, 0, 'CAMARADELOBOS', 9495671),
  (60, 1, 'CAMINHA', 9461285),
  (61, 4, 'CAMPOMAIOR', 7865492),
  (62, 2, 'CANTANHEDE', 3121100),
  (63, 1, 'CARRAZEDADEANSIÃES', 5700883),
  (64, 1, 'CARREGALDOSAL', 4976992),
  (65, 2, 'CARTAXO', 4347944),
  (66, 3, 'CASCAIS', 4020794),
  (67, 2, 'CASTANHEIRADEPERA', 17628),
  (68, 2, 'CASTELOBRANCO', 9463645),
  (69, 2, 'CASTELODEPAIVA', 7352564),
  (70, 4, 'CASTELODEVIDE', 8735124),
  (71, 1, 'CASTRODAIRE', 9930060),
  (72, 5, 'CASTROMARIM', 8782363),
  (73, 4, 'CASTROVERDE', 5492347),
  (74, 1, 'CELORICODABEIRA', 3534639),
  (75, 1, 'CELORICODEBASTO', 9695559),
  (76, 2, 'CHAMUSCA', 3055318),
  (77, 1, 'CHAVES', 67017),
  (78, 1, 'CINFÃES', 825060),
  (79, 2, 'COIMBRA', 7680838),
  (80, 2, 'CONDEIXA-A-NOVA', 7235903),
  (81, 2, 'CONSTANCIA', 6555732),
  (82, 2, 'CORUCHE', 7963414),
  (83, 0, 'CORVO', 4463636),
  (84, 2, 'COVILHÃ', 1085610),
  (85, 4, 'CRATO', 8125630),
  (86, 4, 'CUBA', 7437937),
  (87, 4, 'ELVAS', 2355949),
  (88, 2, 'ENTRONCAMENTO', 2039465),
  (89, 2, 'ESPINHO', 6921854),
  (90, 1, 'ESPOSENDE', 2399261),
  (91, 2, 'ESTARREJA', 2890853),
  (92, 4, 'ESTREMOZ', 1739865),
  (93, 4, 'EVORA', 7554278),
  (94, 1, 'FAFE', 9650178),
  (95, 5, 'FARO', 8969282),
  (96, 1, 'FELGUEIRAS', 600175),
  (97, 4, 'FERREIRADOALENTEJO', 9201982),
  (98, 2, 'FERREIRADOZEZERE', 4380473),
  (99, 2, 'FIGUEIRADAFOZ', 7007273),
  (100, 1, 'FIGUEIRADECASTELORODRIGO', 4265695),
  (101, 2, 'FIGUEIRODOSVINHOS', 9064838),
  (102, 1, 'FORNOSDEALGODRES', 5368540),
  (103, 1, 'FREIXODEESPADAACINTA', 8516404),
  (104, 4, 'FRONTEIRA', 8803242),
  (105, 0, 'FUNCHAL', 2584077),
  (106, 2, 'FUNDÃO', 2658120),
  (107, 4, 'GAVIÃO', 1150514),
  (108, 2, 'GOIS', 9305386),
  (109, 2, 'GOLEGÃ', 6359152),
  (110, 1, 'GONDOMAR', 9085821),
  (111, 1, 'GOUVEIA', 882989),
  (112, 3, 'GRANDOLA', 9299850),
  (113, 1, 'GUARDA', 5316712),
  (114, 1, 'GUIMARÃES', 5358564),
  (115, 0, 'HORTA', 9278408),
  (116, 2, 'IDANHA-A-NOVA', 3051824),
  (117, 2, 'ILHAVO', 6824193),
  (118, 0, 'LAGOA(AÇORES)', 9925536),
  (119, 5, 'LAGOA(ALGARVE)', 6183537),
  (120, 5, 'LAGOS', 9466119),
  (121, 0, 'LAJESDASFLORES', 757520),
  (122, 0, 'LAJESDOPICO', 4521706),
  (123, 1, 'LAMEGO', 3887046),
  (124, 2, 'LEIRIA', 8334532),
  (125, 3, 'LISBOA', 1914753),
  (126, 5, 'LOULE', 2957037),
  (127, 3, 'LOURES', 9302862),
  (128, 3, 'LOURINHÃ', 446560),
  (129, 2, 'LOUSÃ', 8109527),
  (130, 1, 'LOUSADA', 9663566),
  (131, 2, 'MAÇÃO', 3095591),
  (132, 1, 'MACEDODECAVALEIROS', 4368559),
  (133, 0, 'MACHICO', 3586177),
  (134, 0, 'MADALENA', 5705520),
  (135, 3, 'MAFRA', 2762375),
  (136, 1, 'MAIA', 7315042),
  (137, 1, 'MANGUALDE', 4203037),
  (138, 1, 'MANTEIGAS', 4697433),
  (139, 1, 'MARCODECANAVESES', 7215402),
  (140, 2, 'MARINHAGRANDE', 5776972),
  (141, 4, 'MARVÃO', 3132379),
  (142, 1, 'MATOSINHOS', 3115131),
  (143, 2, 'MEALHADA', 4957579),
  (144, 1, 'MEDA', 6686147),
  (145, 1, 'MELGAÇO', 6745112),
  (146, 4, 'MERTOLA', 9227637),
  (147, 1, 'MESÃOFRIO', 2261181),
  (148, 2, 'MIRA', 6831590),
  (149, 2, 'MIRANDADOCORVO', 2372332),
  (150, 1, 'MIRANDADODOURO', 7510944),
  (151, 1, 'MIRANDELA', 6794988),
  (152, 1, 'MOGADOURO', 1645263),
  (153, 1, 'MOIMENTADABEIRA', 3559085),
  (154, 3, 'MOITA', 7523298),
  (155, 1, 'MONÇÃO', 7653992),
  (156, 5, 'MONCHIQUE', 447791),
  (157, 1, 'MONDIMDEBASTO', 9063520),
  (158, 4, 'MONFORTE', 9412805),
  (159, 1, 'MONTALEGRE', 5648220),
  (160, 4, 'MONTEMOR-O-NOVO', 5681340),
  (161, 2, 'MONTEMOR-O-VELHO', 6525355),
  (162, 3, 'MONTIJO', 2071529),
  (163, 4, 'MORA', 3765862),
  (164, 1, 'MORTAGUA', 805694),
  (165, 4, 'MOURA', 2215501),
  (166, 4, 'MOURÃO', 8786882),
  (167, 1, 'MURÇA', 7587174),
  (168, 2, 'MURTOSA', 1561439),
  (169, 2, 'NAZARE', 1546693),
  (170, 1, 'NELAS', 9277566),
  (171, 4, 'NISA', 9388125),
  (172, 0, 'NORDESTE', 4439376),
  (173, 2, 'OBIDOS', 8844501),
  (174, 4, 'ODEMIRA', 6232804),
  (175, 3, 'ODIVELAS', 1581835),
  (176, 3, 'OEIRAS', 1703129),
  (177, 2, 'OLEIROS', 4678888),
  (178, 5, 'OLHÃO', 5435985),
  (179, 2, 'OLIVEIRADEAZEMEIS', 7281790),
  (180, 1, 'OLIVEIRADEFRADES', 4992537),
  (181, 2, 'OLIVEIRADOBAIRRO', 5818993),
  (182, 2, 'OLIVEIRADOHOSPITAL', 6691398),
  (183, 2, 'OUREM', 4882383),
  (184, 4, 'OURIQUE', 421520),
  (185, 2, 'OVAR', 9704824),
  (186, 1, 'PAÇOSDEFERREIRA', 5254836),
  (187, 3, 'PALMELA', 1147776),
  (188, 2, 'PAMPILHOSADASERRA', 6615867),
  (189, 1, 'PAREDES', 79416),
  (190, 1, 'PAREDESDECOURA', 4803490),
  (191, 2, 'PEDROGÃOGRANDE', 8807915),
  (192, 2, 'PENACOVA', 8983548),
  (193, 1, 'PENAFIEL', 4248668),
  (194, 1, 'PENALVADOCASTELO', 9140825),
  (195, 2, 'PENAMACOR', 7196343),
  (196, 1, 'PENEDONO', 6853404),
  (197, 2, 'PENELA', 8637901),
  (198, 2, 'PENICHE', 4173652),
  (199, 1, 'PESODAREGUA', 3127494),
  (200, 1, 'PINHEL', 6737737),
  (201, 2, 'POMBAL', 1133871),
  (202, 0, 'PONTADELGADA', 3647752),
  (203, 0, 'PONTADOSOL', 5211732),
  (204, 1, 'PONTEDABARCA', 7759220),
  (205, 1, 'PONTEDELIMA', 7422573),
  (206, 4, 'PONTEDESOR', 8506017),
  (207, 4, 'PORTALEGRE', 500548),
  (208, 4, 'PORTEL', 2086867),
  (209, 5, 'PORTIMÃO', 7498626),
  (210, 1, 'PORTO', 861750),
  (211, 2, 'PORTODEMOS', 2524059),
  (212, 0, 'PORTOMONIZ', 7417265),
  (213, 0, 'PORTOSANTO', 2135043),
  (216, 0, 'POVOAÇÃO', 6899351),
  (214, 1, 'POVOADELANHOSO', 902375),
  (215, 1, 'POVOADEVARZIM', 905734),
  (217, 2, 'PROENÇA-A-NOVA', 5108678),
  (218, 4, 'REDONDO', 9982171),
  (219, 4, 'REGUENGOSDEMONSARAZ', 8809718),
  (220, 1, 'RESENDE', 712400),
  (221, 0, 'RIBEIRABRAVA', 9908723),
  (222, 1, 'RIBEIRADEPENA', 9534109),
  (223, 0, 'RIBEIRAGRANDE', 2757703),
  (224, 2, 'RIOMAIOR', 9587784),
  (225, 5, 'S.BRASDEALPORTEL', 7960452),
  (226, 2, 'S.JOÃODAMADEIRA', 4363158),
  (227, 1, 'S.JOÃODAPESQUEIRA', 300315),
  (228, 1, 'S.PEDRODOSUL', 8611216),
  (229, 0, 'S.ROQUEDOPICO', 4649445),
  (230, 0, 'S.VICENTE', 9894239),
  (231, 1, 'SABROSA', 2969203),
  (232, 1, 'SABUGAL', 7854457),
  (233, 2, 'SALVATERRADEMAGOS', 5558647),
  (234, 1, 'SANTACOMBADÃO', 9684205),
  (235, 0, 'SANTACRUZ', 7557202),
  (236, 0, 'SANTACRUZDAGRACIOSA', 2870673),
  (237, 0, 'SANTACRUZDASFLORES', 8902843),
  (238, 2, 'SANTAMARIADAFEIRA', 2934660),
  (239, 1, 'SANTAMARTADEPENAGUIÃO', 9704912),
  (240, 0, 'SANTANA', 7721799),
  (241, 2, 'SANTAREM', 1001935),
  (242, 3, 'SANTIAGODOCACEM', 7539813),
  (243, 1, 'SANTOTIRSO', 4832571),
  (244, 2, 'SARDOAL', 3911578),
  (245, 1, 'SATÃO', 8468209),
  (246, 1, 'SEIA', 884398),
  (247, 3, 'SEIXAL', 7735519),
  (248, 1, 'SERNANCELHE', 9167635),
  (249, 4, 'SERPA', 8280271),
  (250, 2, 'SERTÃ', 5622641),
  (251, 3, 'SESIMBRA', 3472233),
  (252, 3, 'SETUBAL', 7072015),
  (253, 2, 'SEVERDOVOUGA', 6682019),
  (254, 5, 'SILVES', 5736019),
  (255, 3, 'SINES', 9031136),
  (256, 3, 'SINTRA', 2277670),
  (257, 3, 'SOBRALDEMONTEAGRAÇO', 9258546),
  (258, 2, 'SOURE', 3167201),
  (259, 4, 'SOUSEL', 4638759),
  (260, 2, 'TABUA', 896170),
  (261, 1, 'TABUAÇO', 4687758),
  (262, 1, 'TAROUCA', 788738),
  (263, 5, 'TAVIRA', 8380428),
  (264, 1, 'TERRASDEBOURO', 7054873),
  (265, 2, 'TOMAR', 8129017),
  (266, 1, 'TONDELA', 9418922),
  (267, 1, 'TORREDEMONCORVO', 8845206),
  (268, 2, 'TORRESNOVAS', 9417482),
  (269, 3, 'TORRESVEDRAS', 1760152),
  (270, 1, 'TRANCOSO', 3676010),
  (271, 1, 'TROFA', 6538934),
  (272, 2, 'VAGOS', 3764409),
  (273, 2, 'VALEDECAMBRA', 6625687),
  (274, 1, 'VALENÇA', 5481286),
  (275, 1, 'VALONGO', 2700671),
  (276, 1, 'VALPAÇOS', 3187838),
  (277, 0, 'VELAS', 9632580),
  (278, 4, 'VENDASNOVAS', 3612093),
  (279, 4, 'VIANADOALENTEJO', 732660),
  (280, 1, 'VIANADOCASTELO', 4083431),
  (281, 4, 'VIDIGUEIRA', 2077753),
  (282, 1, 'VIEIRADOMINHO', 1986963),
  (283, 2, 'VILADEREI', 9472627),
  (284, 5, 'VILADOBISPO', 5413486),
  (285, 1, 'VILADOCONDE', 5368920),
  (286, 0, 'VILADOPORTO', 613695),
  (287, 1, 'VILAFLOR', 2982889),
  (288, 3, 'VILAFRANCADEXIRA', 5157604),
  (289, 0, 'VILAFRANCADOCAMPO', 1665436),
  (290, 2, 'VILANOVADABARQUINHA', 110239),
  (291, 1, 'VILANOVADECERVEIRA', 9789732),
  (292, 1, 'VILANOVADEFAMALICÃO', 1021815),
  (293, 1, 'VILANOVADEFOZCOA', 4737479),
  (294, 1, 'VILANOVADEGAIA', 145732),
  (295, 1, 'VILANOVADEPAIVA', 6962246),
  (296, 2, 'VILANOVADEPOIARES', 516765),
  (297, 1, 'VILAPOUCADEAGUIAR', 1868566),
  (298, 0, 'VILAPRAIADAVITORIA', 3375616),
  (299, 1, 'VILAREAL', 4172942),
  (300, 5, 'VILAREALDESANTOANTONIO', 6373948),
  (301, 2, 'VILAVELHADERODÃO', 9552154),
  (302, 1, 'VILAVERDE', 3698408),
  (303, 4, 'VILAVIÇOSA', 8581981),
  (304, 1, 'VIMIOSO', 622498),
  (305, 1, 'VINHAIS', 8480000),
  (306, 1, 'VISEU', 3063594),
  (307, 1, 'VIZELA', 9291187),
  (308, 1, 'VOUZELA', 1605698);


INSERT INTO instituicao (nome, tipo, num_regiao, num_concelho) VALUES
  ('1','hospital',5,156),
  ('2','farmacia',4,184),
  ('3','clinica',2,253),
  ('4','hospital',4,86),
  ('5','hospital',2,238),
  ('6','clinica',2,192),
  ('7','laboratorio',1,159),
  ('8','hospital',1,194),
  ('9','clinica',2,179),
  ('10','clinica',1,153);

INSERT INTO medico (num_cedula, nome, especialidade) VALUES
  (1,'nome 1','otorrino'),
  (2,'nome 2','pediatra'),
  (3,'nome 3','pediatra'),
  (4,'nome 4','otorrino'),
  (5,'nome 5','pediatra'),
  (6,'nome 6','otorrino'),
  (7,'nome 7','pediatra'),
  (8,'nome 8','pediatra'),
  (9,'nome 9','otorrino'),
  (10,'nome 10','cirurgiao'),
  (11,'nome 11','otorrino'),
  (12,'nome 12','pediatra'),
  (13,'nome 13','pediatra'),
  (14,'nome 14','cirurgiao'),
  (15,'nome 15','pediatra'),
  (16,'nome 16','otorrino'),
  (17,'nome 17','pediatra'),
  (18,'nome 18','pediatra'),
  (19,'nome 19','otorrino'),
  (20,'nome 20','cirurgiao'),
  (21,'nome 21','pediatra'),
  (22,'nome 22','cirurgiao'),
  (23,'nome 23','cirurgiao'),
  (24,'nome 24','otorrino'),
  (25,'nome 25','otorrino'),
  (26,'nome 26','cirurgiao'),
  (27,'nome 27','cirurgiao'),
  (28,'nome 28','pediatra'),
  (29,'nome 29','otorrino'),
  (30,'nome 30','cirurgiao');


INSERT INTO consulta (num_cedula, num_doente, data, nome_instituicao) VALUES
  (29,33,'2019-3-1','3'),
  (1,9,'2018-1-16','4'),
  (13,30,'2019-12-30','4'),
  (30,17,'2018-6-15','7'),
  (16,7,'2016-8-22','7'),
  (27,45,'2018-11-21','10'),
  (30,5,'2016-3-18','9'),
  (7,38,'2020-10-12','8'),
  (27,9,'2015-4-16','8'),
  (14,5,'2018-8-20','10'),
  (6,38,'2019-11-7','7'),
  (20,23,'2019-10-14','10'),
  (11,42,'2018-4-4','5'),
  (21,18,'2015-9-15','1'),
  (10,4,'2016-8-30','7'),
  (22,17,'2015-7-30','3'),
  (15,48,'2016-2-15','4'),
  (27,6,'2019-6-12','8'),
  (16,6,'2016-7-13','6'),
  (12,41,'2015-12-25','1'),
  (27,25,'2020-6-24','5'),
  (27,21,'2018-9-10','9'),
  (4,47,'2019-12-19','9'),
  (30,19,'2018-10-22','4'),
  (4,45,'2020-9-23','3'),
  (28,15,'2019-4-26','4'),
  (5,50,'2019-7-4','1'),
  (27,22,'2018-1-4','5'),
  (19,7,'2020-7-27','1'),
  (13,1,'2020-9-25','7'),
  (26,41,'2015-2-20','10'),
  (26,10,'2020-9-14','8'),
  (2,48,'2017-11-16','5'),
  (17,36,'2017-10-24','8'),
  (16,19,'2016-3-15','9'),
  (21,7,'2018-6-18','7'),
  (27,21,'2015-7-7','9'),
  (8,6,'2016-1-7','7'),
  (3,20,'2020-5-12','4'),
  (6,37,'2017-6-13','10'),
  (7,50,'2020-12-4','3'),
  (9,34,'2015-6-1','9'),
  (30,12,'2015-9-9','1'),
  (24,34,'2016-10-12','3'),
  (4,2,'2017-6-2','10'),
  (1,39,'2015-3-25','1'),
  (28,9,'2019-12-16','4'),
  (30,36,'2020-1-14','5'),
  (5,11,'2015-6-10','4'),
  (6,13,'2019-9-30','8'),
  (13,10,'2016-1-5','1'),
  (4,44,'2017-9-25','8'),
  (12,47,'2019-9-4','1'),
  (17,14,'2016-12-14','6'),
  (5,12,'2019-4-24','7'),
  (4,44,'2020-3-17','3'),
  (14,31,'2019-12-18','4'),
  (1,44,'2017-6-20','10'),
  (4,41,'2019-11-25','6'),
  (15,4,'2018-6-21','3'),
  (4,39,'2018-11-7','1'),
  (10,1,'2016-4-13','10'),
  (10,23,'2015-2-5','10');


INSERT INTO prescricao (num_cedula, num_doente, data, substancia, quant) VALUES
  (29,33,'2019-3-1', 'calcitrin', 431),
  (1,9,'2018-1-16', 'calcitrin', 381),
  (13,30,'2019-12-30', 'viagra', 707),
  (30,17,'2018-6-15', 'cannabis', 702),
  (16,7,'2016-8-22', 'ibuprofeno', 199),
  (27,45,'2018-11-21', 'maxilase', 29),
  (30,5,'2016-3-18', 'maxilase', 260),
  (7,38,'2020-10-12', 'maxilase', 705),
  (27,9,'2015-4-16', 'viagra', 515),
  (14,5,'2018-8-20', 'aspirina', 991),
  (6,38,'2019-11-7', 'stepfen', 704),
  (20,23,'2019-10-14', 'maxilase', 138),
  (11,42,'2018-4-4', 'calcitrin', 150),
  (21,18,'2015-9-15', 'cannabis', 94),
  (10,4,'2016-8-30', 'paracetamol', 773),
  (22,17,'2015-7-30', 'viagra', 134),
  (15,48,'2016-2-15', 'cogumelos do tempo', 55),
  (27,6,'2019-6-12', 'calcitrin', 509),
  (16,6,'2016-7-13', 'maxilase', 545),
  (12,41,'2015-12-25', 'maxilase', 662),
  (27,25,'2020-6-24', 'aspirina', 636),
  (27,21,'2018-9-10', 'paracetamol', 657),
  (4,47,'2019-12-19', 'paracetamol', 553),
  (30,19,'2018-10-22', 'viagra', 53),
  (4,45,'2020-9-23', 'aspirina', 244),
  (28,15,'2019-4-26', 'stepfen', 502),
  (5,50,'2019-7-4', 'cogumelos do tempo', 423),
  (27,22,'2018-1-4', 'cannabis', 828),
  (19,7,'2020-7-27', 'viagra', 565),
  (13,1,'2020-9-25', 'cogumelos do tempo', 624),
  (26,41,'2015-2-20', 'viagra', 72),
  (26,10,'2020-9-14', 'aspirina', 933),
  (2,48,'2017-11-16', 'cannabis', 672),
  (17,36,'2017-10-24', 'cogumelos do tempo', 837),
  (16,19,'2016-3-15', 'viagra', 599),
  (21,7,'2018-6-18', 'cogumelos do tempo', 583),
  (27,21,'2015-7-7', 'cannabis', 443),
  (8,6,'2016-1-7', 'cannabis', 57),
  (3,20,'2020-5-12', 'paracetamol', 414),
  (6,37,'2017-6-13', 'paracetamol', 768);